{"0": 35.43450593948364, "9.765625e-05": 25.7468740940094, "0.0001953125": 24.15194344520569, "0.00029296875000000004": 23.820894956588745, "0.000390625": 23.321714639663696, "0.00048828125": 23.294493198394775, "0.0005859375": 22.979191303253174, "0.00068359375": 23.128581762313843, "0.0007812499999999999": 22.538298845291138, "0.0008789062499999999": 24.256006479263306, "0.0009765624999999999": 22.573925495147705, "0.0010742187499999999": 22.26941466331482, "0.001171875": 24.6660475730896, "0.00126953125": 21.44550585746765, "0.0013671875000000001": 22.228639364242554, "0.0014648437500000002": 22.693152904510498, "0.0015625000000000003": 22.24897313117981, "0.0016601562500000004": 22.289624452590942, "0.0017578125000000005": 24.085107564926147, "0.0018554687500000006": 22.853370428085327, "0.0019531250000000004": 21.75458025932312, "0.0020507812500000005": 21.304592847824097, "0.0021484375000000006": 22.370108127593994, "0.0022460937500000007": 22.817346572875977, "0.0023437500000000008": 23.1626558303833, "0.002441406250000001": 23.420503854751587, "0.002539062500000001": 22.217438220977783, "0.002636718750000001": 23.023519039154053, "0.002734375000000001": 21.671761989593506, "0.002832031250000001": 24.292320489883423, "0.0029296875000000013": 23.695951461791992, "0.0030273437500000014": 22.580063819885254, "0.0031250000000000015": 22.60396099090576, "0.0032226562500000016": 22.580806493759155, "0.0033203125000000016": 22.66585087776184, "0.0034179687500000017": 23.419216632843018, "0.003515625000000002": 23.223501920700073, "0.003613281250000002": 21.831424713134766, "0.003710937500000002": 22.91214370727539, "0.003808593750000002": 22.672993659973145, "0.003906250000000002": 23.3024582862854, "0.004003906250000001": 22.195192337036133, "0.004101562500000001": 22.524373054504395, "0.004199218750000001": 22.629274129867554, "0.004296875": 22.403439044952393, "0.00439453125": 22.06257677078247, "0.0044921875": 22.187566995620728, "0.004589843749999999": 23.165947437286377, "0.004687499999999999": 22.827056407928467, "0.004785156249999999": 22.097187757492065, "0.004882812499999998": 22.33236026763916, "0.004980468749999998": 22.845449924468994, "0.005078124999999998": 22.908254861831665, "0.005175781249999997": 22.224119901657104, "0.005273437499999997": 22.536463260650635, "0.0053710937499999965": 23.14578413963318, "0.005468749999999996": 23.072063446044922, "0.005566406249999996": 22.391286373138428, "0.0056640624999999955": 21.902624130249023, "0.005761718749999995": 22.228200435638428, "0.005859374999999995": 23.335806131362915, "0.0059570312499999944": 23.389569759368896, "0.006054687499999994": 22.04106116294861, "0.006152343749999994": 22.176408529281616, "0.006249999999999993": 22.98465371131897, "0.006347656249999993": 22.36884117126465, "0.006445312499999993": 22.61968183517456, "0.006542968749999992": 22.97922444343567, "0.006640624999999992": 22.91230607032776, "0.006738281249999992": 22.415626287460327, "0.006835937499999991": 21.782142639160156, "0.006933593749999991": 21.88226342201233, "0.007031249999999991": 23.116814374923706, "0.00712890624999999": 22.109736442565918, "0.00722656249999999": 22.06428551673889, "0.00732421874999999": 22.903475046157837, "0.007421874999999989": 22.82951259613037, "0.007519531249999989": 22.41309905052185, "0.0076171874999999886": 21.803762435913086, "0.007714843749999988": 23.16222620010376, "0.007812499999999988": 22.982131004333496, "0.007910156249999988": 22.121872186660767, "0.008007812499999987": 22.137818336486816, "0.008105468749999987": 22.95509672164917, "0.008203124999999986": 22.18619656562805, "0.008300781249999986": 22.276559829711914, "0.008398437499999986": 22.729952096939087, "0.008496093749999985": 22.507012844085693, "0.008593749999999985": 22.74800133705139, "0.008691406249999985": 22.428480625152588, "0.008789062499999984": 22.05216145515442, "0.008886718749999984": 22.90345573425293, "0.008984374999999984": 22.720027446746826, "0.009082031249999983": 22.950834274291992, "0.009179687499999983": 21.97842526435852, "0.009277343749999983": 22.68030834197998, "0.009374999999999982": 22.663929224014282, "0.009472656249999982": 22.760244607925415, "0.009570312499999982": 22.53026533126831, "0.009667968749999981": 23.191522359848022}