{"0": 666.3334138393402, "2.44140625e-05": 584.1444504261017, "4.8828125e-05": 547.7278389930725, "7.324218750000001e-05": 539.879058599472, "9.765625e-05": 533.7790932655334, "0.0001220703125": 530.1721096038818, "0.000146484375": 527.0199847221375, "0.0001708984375": 523.3305130004883, "0.00019531249999999998": 522.5314939022064, "0.00021972656249999998": 524.597662448883}