{"0": 44.75442576408386, "1.220703125e-05": 37.696582555770874, "2.44140625e-05": 38.357966899871826, "3.6621093750000005e-05": 36.11024069786072, "4.8828125e-05": 37.03570795059204, "6.103515625e-05": 36.10595417022705, "7.32421875e-05": 34.89564228057861, "8.544921875e-05": 36.1557891368866, "9.765624999999999e-05": 34.51637578010559, "0.00010986328124999999": 36.44382429122925, "0.00012207031249999999": 35.31778812408447, "0.00013427734374999998": 36.7216260433197, "0.000146484375": 36.32511353492737, "0.00015869140625": 35.855125188827515, "0.00017089843750000002": 38.55645203590393, "0.00018310546875000003": 37.35382580757141, "0.00019531250000000004": 39.189040422439575, "0.00020751953125000005": 37.509586811065674, "0.00021972656250000006": 38.138099670410156, "0.00023193359375000007": 39.256056785583496, "0.00024414062500000005": 38.91406583786011, "0.00025634765625000007": 39.509276151657104, "0.0002685546875000001": 38.65307283401489, "0.0002807617187500001": 40.52864217758179, "0.0002929687500000001": 39.05424475669861, "0.0003051757812500001": 40.03535223007202, "0.0003173828125000001": 39.75569796562195, "0.00032958984375000013": 38.719273805618286, "0.00034179687500000014": 38.94005489349365, "0.00035400390625000015": 40.67904806137085, "0.00036621093750000016": 39.711058378219604, "0.0003784179687500002": 39.96474313735962, "0.0003906250000000002": 40.10534143447876, "0.0004028320312500002": 40.05787897109985, "0.0004150390625000002": 41.235246896743774, "0.0004272460937500002": 40.92616152763367, "0.00043945312500000023": 38.7184681892395, "0.00045166015625000024": 39.78053331375122, "0.00046386718750000025": 39.93355965614319, "0.00047607421875000026": 41.34363269805908, "0.0004882812500000002": 39.70414972305298, "0.0005004882812500002": 39.4013135433197, "0.0005126953125000001": 42.430336475372314, "0.0005249023437500001": 41.00889301300049, "0.000537109375": 40.78923034667969, "0.00054931640625": 40.06679320335388, "0.0005615234375": 40.43305706977844, "0.0005737304687499999": 41.734288692474365, "0.0005859374999999999": 42.537214279174805, "0.0005981445312499998": 40.19275164604187, "0.0006103515624999998": 41.908788442611694, "0.0006225585937499997": 41.94278907775879, "0.0006347656249999997": 41.29544186592102, "0.0006469726562499997": 40.786245584487915, "0.0006591796874999996": 40.94139003753662, "0.0006713867187499996": 41.19697189331055, "0.0006835937499999995": 40.669307470321655, "0.0006958007812499995": 40.39065098762512, "0.0007080078124999994": 39.99484300613403, "0.0007202148437499994": 41.350077390670776, "0.0007324218749999993": 43.51217269897461, "0.0007446289062499993": 41.83926177024841, "0.0007568359374999993": 41.4366979598999, "0.0007690429687499992": 41.120051860809326, "0.0007812499999999992": 42.32811188697815, "0.0007934570312499991": 41.355287313461304, "0.0008056640624999991": 42.399656772613525, "0.000817871093749999": 40.92772102355957, "0.000830078124999999": 41.332555055618286, "0.000842285156249999": 40.74182200431824, "0.0008544921874999989": 39.70657992362976, "0.0008666992187499989": 40.54669523239136, "0.0008789062499999988": 41.73560667037964, "0.0008911132812499988": 42.2108199596405, "0.0009033203124999987": 41.14944767951965, "0.0009155273437499987": 41.06402564048767, "0.0009277343749999987": 41.00811243057251, "0.0009399414062499986": 40.06057405471802, "0.0009521484374999986": 42.60292339324951, "0.0009643554687499985": 42.21457815170288, "0.0009765624999999985": 41.175315141677856, "0.0009887695312499984": 41.448039054870605, "0.0010009765624999984": 42.401209354400635, "0.0010131835937499984": 41.429450273513794, "0.0010253906249999983": 42.42986798286438, "0.0010375976562499983": 41.599870681762695, "0.0010498046874999982": 42.46213746070862, "0.0010620117187499982": 41.5240638256073, "0.0010742187499999981": 41.824636936187744, "0.001086425781249998": 41.21029019355774, "0.001098632812499998": 41.21121668815613, "0.001110839843749998": 42.08897089958191, "0.001123046874999998": 41.135523080825806, "0.001135253906249998": 41.79290771484375, "0.0011474609374999979": 41.73607516288757, "0.0011596679687499978": 42.957748889923096, "0.0011718749999999978": 41.99943423271179, "0.0011840820312499977": 42.008891344070435, "0.0011962890624999977": 42.08964800834656, "0.0012084960937499977": 41.90042066574097}