{"0": 3.778963804244995, "0.00625": 3.214505672454834, "0.0125": 3.1224048137664795, "0.018750000000000003": 3.968830108642578, "0.025": 3.1509101390838623, "0.03125": 3.0327322483062744, "0.0375": 3.0874273777008057, "0.04375": 2.9441747665405273, "0.049999999999999996": 3.064880847930908, "0.056249999999999994": 2.879992723464966, "0.06249999999999999": 2.876326322555542, "0.06874999999999999": 3.03269362449646, "0.075": 2.8797435760498047, "0.08125": 3.2735111713409424, "0.08750000000000001": 3.1457605361938477, "0.09375000000000001": 2.9963057041168213, "0.10000000000000002": 2.939932107925415, "0.10625000000000002": 2.950563430786133, "0.11250000000000003": 3.2030646800994873, "0.11875000000000004": 2.8947343826293945, "0.12500000000000003": 2.8864357471466064, "0.13125000000000003": 3.3274574279785156, "0.13750000000000004": 3.0009377002716064, "0.14375000000000004": 3.5460586547851562, "0.15000000000000005": 3.147303342819214, "0.15625000000000006": 3.124079942703247, "0.16250000000000006": 2.921049118041992, "0.16875000000000007": 3.08895206451416, "0.17500000000000007": 2.9217302799224854, "0.18125000000000008": 2.81366229057312, "0.18750000000000008": 3.0745084285736084, "0.1937500000000001": 2.893042802810669, "0.2000000000000001": 3.3840723037719727, "0.2062500000000001": 3.2620737552642822, "0.2125000000000001": 3.148590564727783, "0.2187500000000001": 2.892256259918213, "0.22500000000000012": 2.8822789192199707, "0.23125000000000012": 4.385391712188721, "0.23750000000000013": 2.9374630451202393, "0.24375000000000013": 3.0286614894866943, "0.2500000000000001": 2.831195831298828, "0.2562500000000001": 3.32950758934021, "0.26250000000000007": 3.5082507133483887, "0.26875000000000004": 3.0444564819335938, "0.275": 3.1782066822052, "0.28125": 2.9864516258239746, "0.2875": 2.8261067867279053, "0.29374999999999996": 2.895907402038574, "0.29999999999999993": 2.958904504776001, "0.3062499999999999": 2.8200459480285645, "0.3124999999999999": 2.9507741928100586, "0.31874999999999987": 2.9613795280456543, "0.32499999999999984": 3.452378034591675, "0.3312499999999998": 3.390519618988037, "0.3374999999999998": 3.370058059692383, "0.3437499999999998": 2.9488649368286133, "0.34999999999999976": 3.0528674125671387, "0.35624999999999973": 2.8962411880493164, "0.3624999999999997": 2.9415643215179443, "0.3687499999999997": 2.902172088623047, "0.37499999999999967": 2.880869150161743, "0.38124999999999964": 3.528870105743408, "0.3874999999999996": 3.789435625076294, "0.3937499999999996": 3.1975483894348145, "0.3999999999999996": 3.128514289855957, "0.40624999999999956": 3.0191445350646973, "0.41249999999999953": 3.21653151512146, "0.4187499999999995": 2.788790464401245, "0.4249999999999995": 2.9510138034820557, "0.43124999999999947": 2.9851179122924805, "0.43749999999999944": 3.077430248260498, "0.4437499999999994": 3.674893617630005, "0.4499999999999994": 3.0110843181610107, "0.4562499999999994": 3.286527156829834, "0.46249999999999936": 2.9408185482025146, "0.46874999999999933": 2.969996213912964, "0.4749999999999993": 3.255079984664917, "0.4812499999999993": 3.0103957653045654, "0.48749999999999927": 2.941178560256958, "0.49374999999999925": 2.9271302223205566, "0.4999999999999992": 3.369335174560547, "0.5062499999999992": 3.805729389190674, "0.5124999999999992": 3.2858686447143555, "0.5187499999999992": 3.211198091506958, "0.5249999999999991": 2.845702886581421, "0.5312499999999991": 3.143007278442383, "0.5374999999999991": 2.921265125274658, "0.5437499999999991": 2.9296514987945557, "0.549999999999999": 3.015242576599121, "0.556249999999999": 2.9239954948425293, "0.562499999999999": 3.1376399993896484, "0.568749999999999": 3.5287749767303467, "0.574999999999999": 3.3829431533813477, "0.5812499999999989": 3.442086696624756, "0.5874999999999989": 2.885532855987549, "0.5937499999999989": 2.9504358768463135, "0.5999999999999989": 2.856818199157715, "0.6062499999999988": 3.017575740814209, "0.6124999999999988": 3.0177090167999268, "0.6187499999999988": 3.2663767337799072}