{"0": 28.950061321258545, "0.00078125": 19.815457582473755, "0.0015625": 18.573894500732422, "0.0023437500000000003": 18.278345823287964, "0.003125": 18.908881664276123, "0.00390625": 18.524677991867065, "0.0046875": 18.657124519348145, "0.00546875": 19.196582317352295, "0.0062499999999999995": 18.42861843109131, "0.007031249999999999": 18.59713363647461, "0.007812499999999999": 17.28157353401184, "0.008593749999999999": 18.251442193984985, "0.009375": 17.809932231903076, "0.01015625": 18.089539527893066, "0.010937500000000001": 19.43106961250305, "0.011718750000000002": 18.614270448684692, "0.012500000000000002": 18.172943592071533, "0.013281250000000003": 18.774137020111084, "0.014062500000000004": 17.761613130569458, "0.014843750000000005": 17.903719663619995, "0.015625000000000003": 18.422399759292603, "0.016406250000000004": 17.32564902305603, "0.017187500000000005": 18.089861631393433, "0.017968750000000006": 18.276777505874634, "0.018750000000000006": 18.086119413375854, "0.019531250000000007": 18.932034492492676, "0.020312500000000008": 18.611007928848267, "0.02109375000000001": 18.621601581573486, "0.02187500000000001": 18.49909281730652, "0.02265625000000001": 17.64659333229065, "0.02343750000000001": 17.746724605560303, "0.02421875000000001": 18.208672523498535, "0.025000000000000012": 18.30021023750305, "0.025781250000000012": 17.88216805458069, "0.026562500000000013": 17.47930383682251, "0.027343750000000014": 18.73693346977234, "0.028125000000000015": 17.730557441711426, "0.028906250000000015": 18.49248194694519, "0.029687500000000016": 18.436542987823486, "0.030468750000000017": 18.587714433670044, "0.031250000000000014": 17.794328451156616, "0.03203125000000001": 17.406415939331055, "0.03281250000000001": 17.854941368103027, "0.033593750000000006": 17.682441234588623, "0.034375": 18.89477515220642, "0.03515625": 17.752259731292725, "0.0359375": 18.90666675567627, "0.036718749999999994": 18.50131130218506, "0.03749999999999999": 17.601343393325806, "0.03828124999999999": 18.503539085388184, "0.039062499999999986": 17.142985343933105, "0.03984374999999998": 18.202158451080322, "0.04062499999999998": 17.86772346496582, "0.04140624999999998": 18.66517162322998, "0.042187499999999975": 18.092100381851196, "0.04296874999999997": 18.86139464378357, "0.04374999999999997": 19.060707092285156, "0.04453124999999997": 18.436219930648804, "0.045312499999999964": 18.907134294509888, "0.04609374999999996": 18.561848878860474, "0.04687499999999996": 17.783619165420532, "0.047656249999999956": 17.448362588882446, "0.04843749999999995": 18.310996532440186, "0.04921874999999995": 18.369694709777832, "0.04999999999999995": 18.499836683273315, "0.050781249999999944": 18.549263954162598, "0.05156249999999994": 18.258136510849, "0.05234374999999994": 17.961602210998535, "0.053124999999999936": 18.079864025115967, "0.05390624999999993": 17.808647394180298, "0.05468749999999993": 18.19242835044861, "0.05546874999999993": 17.66358995437622, "0.056249999999999925": 18.400755167007446, "0.05703124999999992": 19.459861993789673, "0.05781249999999992": 18.673463344573975, "0.05859374999999992": 17.617290258407593, "0.059374999999999914": 16.7717182636261, "0.06015624999999991": 19.181180953979492, "0.06093749999999991": 18.01191234588623, "0.061718749999999906": 16.999841690063477, "0.0624999999999999": 18.077454566955566, "0.0632812499999999": 18.79886531829834, "0.0640624999999999": 18.461333990097046, "0.0648437499999999": 18.248388528823853, "0.06562499999999989": 17.157455682754517, "0.06640624999999989": 18.638856172561646, "0.06718749999999989": 17.903026342391968, "0.06796874999999988": 18.596170663833618, "0.06874999999999988": 19.21078848838806, "0.06953124999999988": 18.26164150238037, "0.07031249999999988": 17.364354610443115, "0.07109374999999987": 18.586103916168213, "0.07187499999999987": 18.54623055458069, "0.07265624999999987": 17.707990646362305, "0.07343749999999986": 18.352200031280518, "0.07421874999999986": 18.914926767349243, "0.07499999999999986": 19.707479000091553, "0.07578124999999986": 18.546238899230957, "0.07656249999999985": 18.53879451751709, "0.07734374999999985": 18.024144411087036}