{"0": 27.617976903915405, "0.000390625": 20.344255447387695, "0.00078125": 19.874353408813477, "0.0011718750000000002": 17.5854389667511, "0.0015625": 18.515538692474365, "0.001953125": 18.44610571861267, "0.00234375": 17.72931146621704, "0.002734375": 18.23214101791382, "0.0031249999999999997": 17.559175491333008, "0.0035156249999999997": 17.614360332489014, "0.0039062499999999996": 17.684088945388794, "0.0042968749999999995": 17.546301126480103, "0.0046875": 17.89026117324829, "0.005078125": 17.120697259902954, "0.0054687500000000005": 17.562241077423096, "0.005859375000000001": 17.016441345214844, "0.006250000000000001": 18.2044837474823, "0.0066406250000000016": 17.62220311164856, "0.007031250000000002": 19.147742986679077, "0.007421875000000002": 17.918360233306885, "0.007812500000000002": 17.3035945892334, "0.008203125000000002": 19.36675214767456, "0.008593750000000002": 18.419342756271362, "0.008984375000000003": 16.503841400146484, "0.009375000000000003": 18.926244258880615, "0.009765625000000003": 18.022250175476074, "0.010156250000000004": 17.851425409317017, "0.010546875000000004": 17.12028956413269, "0.010937500000000005": 17.04006028175354, "0.011328125000000005": 17.986926078796387, "0.011718750000000005": 17.53667140007019, "0.012109375000000006": 18.107913494110107, "0.012500000000000006": 18.330513954162598, "0.012890625000000006": 18.435431718826294, "0.013281250000000007": 17.983392000198364, "0.013671875000000007": 16.558379411697388, "0.014062500000000007": 17.9248366355896, "0.014453125000000008": 16.62945580482483, "0.014843750000000008": 17.925519943237305, "0.015234375000000008": 17.995152473449707, "0.015625000000000007": 17.110732316970825, "0.016015625000000006": 17.756779193878174, "0.016406250000000004": 16.765872478485107, "0.016796875000000003": 17.503288745880127, "0.0171875": 16.576944589614868, "0.017578125": 17.4050350189209, "0.01796875": 19.372526168823242, "0.018359374999999997": 17.30573058128357, "0.018749999999999996": 17.072479486465454, "0.019140624999999994": 16.899072647094727, "0.019531249999999993": 17.240867376327515, "0.01992187499999999": 17.666675090789795, "0.02031249999999999": 16.68993330001831, "0.02070312499999999": 17.384321928024292, "0.021093749999999988": 16.924517154693604, "0.021484374999999986": 17.06919574737549, "0.021874999999999985": 16.96190118789673, "0.022265624999999983": 17.19939088821411, "0.022656249999999982": 18.40902328491211, "0.02304687499999998": 16.833208084106445, "0.02343749999999998": 17.840904474258423, "0.023828124999999978": 17.458634614944458, "0.024218749999999976": 17.344853401184082, "0.024609374999999975": 17.31485366821289, "0.024999999999999974": 17.13060426712036, "0.025390624999999972": 17.699954509735107, "0.02578124999999997": 16.758737802505493, "0.02617187499999997": 17.515814542770386, "0.026562499999999968": 17.370943784713745, "0.026953124999999967": 17.351338863372803, "0.027343749999999965": 17.70055890083313, "0.027734374999999964": 17.2851505279541, "0.028124999999999963": 18.325221300125122, "0.02851562499999996": 17.546790599822998, "0.02890624999999996": 17.810648679733276, "0.02929687499999996": 17.849746227264404, "0.029687499999999957": 17.244544982910156, "0.030078124999999956": 17.89138412475586, "0.030468749999999954": 17.340142011642456, "0.030859374999999953": 18.17238211631775, "0.03124999999999995": 17.555840253829956, "0.03164062499999995": 16.86565113067627, "0.03203124999999995": 17.010677099227905, "0.03242187499999995": 16.640424489974976, "0.032812499999999946": 18.05556845664978, "0.033203124999999944": 17.031602382659912, "0.03359374999999994": 17.583316326141357, "0.03398437499999994": 17.89785361289978, "0.03437499999999994": 17.132120609283447, "0.03476562499999994": 17.360435485839844, "0.03515624999999994": 16.774394750595093, "0.035546874999999936": 17.994673490524292, "0.035937499999999935": 17.697707176208496, "0.03632812499999993": 17.657274961471558, "0.03671874999999993": 17.048831462860107, "0.03710937499999993": 17.574828624725342, "0.03749999999999993": 17.71544623374939, "0.03789062499999993": 18.39787769317627, "0.038281249999999926": 19.19761037826538, "0.038671874999999925": 18.487735271453857}