{"0": 38.62553572654724, "2.44140625e-05": 30.89962911605835, "4.8828125e-05": 28.830979585647583, "7.324218750000001e-05": 28.489774465560913, "9.765625e-05": 27.326648473739624, "0.0001220703125": 27.851366996765137, "0.000146484375": 27.745224475860596, "0.0001708984375": 27.95490336418152, "0.00019531249999999998": 28.27265453338623, "0.00021972656249999998": 27.409332990646362, "0.00024414062499999997": 27.802873373031616, "0.00026855468749999997": 28.2728533744812, "0.00029296875": 28.042487144470215, "0.0003173828125": 28.57220435142517, "0.00034179687500000003": 28.476213932037354, "0.00036621093750000005": 29.141793489456177, "0.0003906250000000001": 28.868449449539185, "0.0004150390625000001": 28.45260214805603, "0.0004394531250000001": 29.319366455078125, "0.00046386718750000014": 28.017555475234985, "0.0004882812500000001": 29.20970129966736, "0.0005126953125000001": 29.821169137954712, "0.0005371093750000002": 29.679373741149902, "0.0005615234375000002": 30.870851516723633, "0.0005859375000000002": 29.195828199386597, "0.0006103515625000002": 29.636436700820923, "0.0006347656250000002": 29.14577007293701, "0.0006591796875000003": 29.896154642105103, "0.0006835937500000003": 29.56863760948181, "0.0007080078125000003": 29.846467971801758, "0.0007324218750000003": 30.249870538711548, "0.0007568359375000003": 30.29071283340454, "0.0007812500000000004": 29.620747804641724, "0.0008056640625000004": 30.72493267059326, "0.0008300781250000004": 29.738085985183716, "0.0008544921875000004": 30.108983278274536, "0.0008789062500000005": 30.584733963012695, "0.0009033203125000005": 30.14022469520569, "0.0009277343750000005": 30.702959775924683, "0.0009521484375000005": 30.863417863845825, "0.0009765625000000004": 29.90707755088806, "0.0010009765625000003": 29.70578122138977, "0.0010253906250000003": 30.553290367126465, "0.0010498046875000002": 29.995504140853882, "0.00107421875": 30.623350858688354, "0.0010986328125": 30.739774465560913, "0.001123046875": 29.63435411453247, "0.0011474609374999998": 29.720935344696045, "0.0011718749999999997": 30.154266834259033, "0.0011962890624999997": 30.335352897644043, "0.0012207031249999996": 31.402307510375977, "0.0012451171874999995": 30.20235252380371, "0.0012695312499999994": 30.714100122451782, "0.0012939453124999993": 29.670350074768066, "0.0013183593749999992": 30.394684314727783, "0.0013427734374999991": 30.722010850906372, "0.001367187499999999": 31.57477903366089, "0.001391601562499999": 30.878803968429565, "0.0014160156249999989": 30.33370590209961, "0.0014404296874999988": 30.660720348358154, "0.0014648437499999987": 30.07420516014099, "0.0014892578124999986": 30.995922327041626, "0.0015136718749999985": 31.129724740982056, "0.0015380859374999984": 32.14052081108093, "0.0015624999999999984": 30.517495155334473, "0.0015869140624999983": 31.1063973903656, "0.0016113281249999982": 30.53192138671875, "0.001635742187499998": 31.599111795425415, "0.001660156249999998": 30.40024471282959, "0.001684570312499998": 31.00157141685486, "0.0017089843749999978": 30.34552025794983, "0.0017333984374999977": 31.134880304336548, "0.0017578124999999977": 31.266884803771973, "0.0017822265624999976": 31.011855125427246, "0.0018066406249999975": 31.52716898918152, "0.0018310546874999974": 30.93038249015808, "0.0018554687499999973": 30.832831382751465, "0.0018798828124999972": 31.382211446762085, "0.0019042968749999971": 31.40907883644104, "0.001928710937499997": 31.163415908813477, "0.001953124999999997": 30.945923566818237, "0.001977539062499997": 31.0540554523468, "0.002001953124999997": 31.483710765838623, "0.0020263671874999967": 30.354984998703003, "0.0020507812499999966": 30.552852392196655, "0.0020751953124999965": 30.249790906906128, "0.0020996093749999964": 30.617090702056885, "0.0021240234374999964": 30.84169363975525, "0.0021484374999999963": 30.872285842895508, "0.002172851562499996": 31.165276288986206, "0.002197265624999996": 30.9595787525177, "0.002221679687499996": 30.962687969207764, "0.002246093749999996": 30.699544191360474, "0.002270507812499996": 30.802284002304077, "0.0022949218749999957": 30.68810749053955, "0.0023193359374999957": 30.68484878540039, "0.0023437499999999956": 30.572468996047974, "0.0023681640624999955": 30.2583487033844, "0.0023925781249999954": 30.7036349773407, "0.0024169921874999953": 31.179582118988037}