{"0": 11.113938570022583, "0.0015625": 8.404588222503662, "0.003125": 8.236645698547363, "0.004687500000000001": 8.83777379989624, "0.00625": 8.36486029624939, "0.0078125": 8.005354404449463, "0.009375": 8.250008821487427, "0.0109375": 8.306932210922241, "0.012499999999999999": 8.057910442352295, "0.014062499999999999": 8.031064510345459, "0.015624999999999998": 8.852940082550049, "0.017187499999999998": 8.231131076812744, "0.01875": 8.11361289024353, "0.0203125": 8.134199142456055, "0.021875000000000002": 8.504894733428955, "0.023437500000000003": 8.177260160446167, "0.025000000000000005": 8.29604721069336, "0.026562500000000006": 8.638165950775146, "0.028125000000000008": 8.312966346740723, "0.02968750000000001": 8.343583345413208, "0.03125000000000001": 8.017225980758667, "0.03281250000000001": 8.493480443954468, "0.03437500000000001": 8.442605018615723, "0.03593750000000001": 7.921060085296631, "0.03750000000000001": 8.802228450775146, "0.039062500000000014": 8.45541000366211, "0.040625000000000015": 7.926523447036743, "0.04218750000000002": 7.762962341308594, "0.04375000000000002": 8.718497276306152, "0.04531250000000002": 8.486406564712524, "0.04687500000000002": 7.700734376907349, "0.04843750000000002": 9.103322744369507, "0.050000000000000024": 8.886083364486694, "0.051562500000000025": 7.783032655715942, "0.053125000000000026": 7.985444068908691, "0.05468750000000003": 8.384159088134766, "0.05625000000000003": 8.751389265060425, "0.05781250000000003": 7.996187686920166, "0.05937500000000003": 8.597430944442749, "0.06093750000000003": 8.770537614822388, "0.06250000000000003": 8.116290807723999, "0.06406250000000002": 8.049644947052002, "0.06562500000000002": 8.777775287628174, "0.06718750000000001": 8.869417428970337, "0.06875": 7.888641595840454, "0.0703125": 8.039955377578735, "0.071875": 9.392252206802368, "0.07343749999999999": 7.930057048797607, "0.07499999999999998": 7.984220266342163, "0.07656249999999998": 8.847213506698608, "0.07812499999999997": 9.449949741363525, "0.07968749999999997": 8.421096324920654, "0.08124999999999996": 7.631162881851196, "0.08281249999999996": 9.039626121520996, "0.08437499999999995": 8.308923959732056, "0.08593749999999994": 8.356635808944702, "0.08749999999999994": 8.256628274917603, "0.08906249999999993": 8.729171991348267, "0.09062499999999993": 7.867222785949707, "0.09218749999999992": 7.925658226013184, "0.09374999999999992": 8.53625774383545, "0.09531249999999991": 8.60225796699524, "0.0968749999999999": 8.277143478393555, "0.0984374999999999": 8.044087886810303, "0.0999999999999999": 8.610939741134644, "0.10156249999999989": 8.07739520072937, "0.10312499999999988": 8.050739288330078, "0.10468749999999988": 8.669310092926025, "0.10624999999999987": 8.335720777511597, "0.10781249999999987": 8.358247756958008, "0.10937499999999986": 8.238492012023926, "0.11093749999999986": 8.777590036392212, "0.11249999999999985": 7.962857484817505, "0.11406249999999984": 8.561914920806885, "0.11562499999999984": 8.380138874053955, "0.11718749999999983": 8.159266948699951, "0.11874999999999983": 8.300636053085327, "0.12031249999999982": 7.9675633907318115, "0.12187499999999982": 8.561868667602539, "0.12343749999999981": 8.017339706420898, "0.1249999999999998": 8.148817539215088, "0.1265624999999998": 8.085877180099487, "0.1281249999999998": 8.342451810836792, "0.1296874999999998": 8.244696617126465, "0.13124999999999978": 7.940151691436768, "0.13281249999999978": 8.398603200912476, "0.13437499999999977": 8.652708530426025, "0.13593749999999977": 8.520302772521973, "0.13749999999999976": 8.101152658462524, "0.13906249999999976": 8.703851461410522, "0.14062499999999975": 8.40014362335205, "0.14218749999999974": 7.945811986923218, "0.14374999999999974": 8.40923285484314, "0.14531249999999973": 8.943886518478394, "0.14687499999999973": 8.089843988418579, "0.14843749999999972": 8.288106679916382, "0.14999999999999972": 8.585582494735718, "0.1515624999999997": 8.301250457763672, "0.1531249999999997": 7.9522483348846436, "0.1546874999999997": 8.634565114974976}