{"0": 40.28017473220825, "6.103515625e-06": 35.66907048225403, "1.220703125e-05": 32.899378061294556, "1.8310546875000003e-05": 34.36290621757507, "2.44140625e-05": 32.34582471847534, "3.0517578125e-05": 32.63326811790466, "3.662109375e-05": 32.52484369277954, "4.2724609375e-05": 30.97168278694153, "4.8828124999999996e-05": 31.136276960372925, "5.4931640624999995e-05": 31.760540008544922, "6.103515624999999e-05": 32.29889535903931, "6.713867187499999e-05": 32.419538497924805, "7.32421875e-05": 31.727800846099854, "7.9345703125e-05": 31.618186712265015, "8.544921875000001e-05": 32.546082973480225, "9.155273437500001e-05": 32.829768896102905, "9.765625000000002e-05": 32.99271774291992, "0.00010375976562500002": 32.958799600601196, "0.00010986328125000003": 33.36180591583252, "0.00011596679687500004": 34.947951793670654, "0.00012207031250000003": 33.89748954772949, "0.00012817382812500003": 33.71191740036011, "0.00013427734375000004": 35.00375533103943, "0.00014038085937500004": 34.26719117164612, "0.00014648437500000005": 34.40782713890076, "0.00015258789062500005": 34.370991230010986, "0.00015869140625000006": 35.15935492515564, "0.00016479492187500007": 34.27833795547485, "0.00017089843750000007": 34.74470281600952, "0.00017700195312500008": 35.5865204334259, "0.00018310546875000008": 34.89756107330322, "0.0001892089843750001": 34.9397976398468, "0.0001953125000000001": 35.38099241256714, "0.0002014160156250001": 34.8576340675354, "0.0002075195312500001": 35.88503670692444, "0.0002136230468750001": 35.431936264038086, "0.00021972656250000011": 36.63327884674072, "0.00022583007812500012": 35.79803657531738, "0.00023193359375000012": 35.987396478652954, "0.00023803710937500013": 35.82680678367615, "0.0002441406250000001": 36.84001302719116, "0.0002502441406250001": 36.47979283332825, "0.00025634765625000007": 36.27222728729248, "0.00026245117187500004": 35.9248993396759, "0.0002685546875": 37.21334767341614, "0.000274658203125": 37.96953201293945, "0.00028076171875": 37.176602602005005, "0.00028686523437499996": 36.24089169502258, "0.00029296874999999993": 37.22058320045471, "0.0002990722656249999": 37.39686679840088, "0.0003051757812499999": 37.027116775512695, "0.00031127929687499987": 37.54320669174194, "0.00031738281249999985": 37.619123458862305, "0.0003234863281249998": 37.29543590545654, "0.0003295898437499998": 37.60942077636719, "0.0003356933593749998": 37.0603506565094, "0.00034179687499999976": 39.282092332839966, "0.00034790039062499974": 38.29091000556946, "0.0003540039062499997": 37.836092948913574, "0.0003601074218749997": 37.73613262176514, "0.0003662109374999997": 39.26822066307068, "0.00037231445312499965": 39.008512020111084, "0.00037841796874999963": 37.56066608428955, "0.0003845214843749996": 38.23837399482727, "0.0003906249999999996": 39.6401891708374, "0.00039672851562499957": 38.37870812416077, "0.00040283203124999954": 37.683797121047974, "0.0004089355468749995": 38.565521478652954, "0.0004150390624999995": 38.38913917541504, "0.0004211425781249995": 37.77678608894348, "0.00042724609374999946": 37.77865433692932, "0.00043334960937499944": 37.947954177856445, "0.0004394531249999994": 37.41374373435974, "0.0004455566406249994": 38.584322929382324, "0.00045166015624999937": 39.55066680908203, "0.00045776367187499935": 37.960334062576294, "0.00046386718749999933": 38.3532338142395, "0.0004699707031249993": 38.20922112464905, "0.0004760742187499993": 38.39199113845825, "0.00048217773437499926": 38.39724016189575, "0.00048828124999999924": 37.38309407234192, "0.0004943847656249992": 37.18027853965759, "0.0005004882812499992": 38.906827211380005, "0.0005065917968749992": 38.17036437988281, "0.0005126953124999992": 37.14464473724365, "0.0005187988281249991": 37.97486209869385, "0.0005249023437499991": 39.11100888252258, "0.0005310058593749991": 38.10443925857544, "0.0005371093749999991": 37.941065549850464, "0.000543212890624999": 39.33567452430725, "0.000549316406249999": 39.5242600440979, "0.000555419921874999": 38.34242105484009, "0.000561523437499999": 39.09073543548584, "0.000567626953124999": 39.20190906524658, "0.0005737304687499989": 38.73013925552368, "0.0005798339843749989": 39.47794055938721, "0.0005859374999999989": 39.21797227859497, "0.0005920410156249989": 39.410914182662964, "0.0005981445312499989": 39.41175365447998, "0.0006042480468749988": 40.205490827560425}