{"1e-05": [[1000.0], [115], [114], [[4.0, 16.0, 64.0, 115.0, 49.0, 23.0, 14.0, 9.0, 4.0]], [[4.0, 16.0, 64.0, 114.0, 48.0, 23.0, 13.0, 9.0, 4.0]]], "1.4873521072935119e-05": [[1000.0], [108], [107], [[4.0, 16.0, 64.0, 108.0, 45.0, 21.0, 12.0, 8.0, 4.0]], [[4.0, 16.0, 64.0, 107.0, 45.0, 21.0, 12.0, 8.0, 4.0]]], "2.21221629107045e-05": [[1000.0], [101], [100], [[4.0, 16.0, 64.0, 101.0, 42.0, 20.0, 11.0, 8.0, 4.0]], [[4.0, 16.0, 64.0, 100.0, 41.0, 20.0, 11.0, 8.0, 4.0]]], "3.290344562312671e-05": [[1000.0], [94], [94], [[4.0, 16.0, 64.0, 94.0, 39.0, 19.0, 10.0, 7.0, 4.0]], [[4.0, 16.0, 64.0, 94.0, 38.0, 18.0, 10.0, 7.0, 4.0]]], "4.893900918477499e-05": [[1000.0], [87], [87], [[4.0, 16.0, 64.0, 87.0, 36.0, 17.0, 10.0, 6.0, 4.0]], [[4.0, 16.0, 64.0, 87.0, 36.0, 17.0, 10.0, 6.0, 4.0]]], "7.278953843983146e-05": [[1000.0], [80], [80], [[4.0, 16.0, 64.0, 80.0, 33.0, 16.0, 9.0, 6.0, 4.0]], [[4.0, 16.0, 64.0, 80.0, 33.0, 16.0, 9.0, 6.0, 4.0]]], "0.00010826367338740541": [[1000.0], [74], [73], [[4.0, 16.0, 64.0, 74.0, 30.0, 14.0, 9.0, 6.0, 4.0]], [[4.0, 16.0, 64.0, 73.0, 30.0, 14.0, 9.0, 6.0, 4.0]]], "0.00016102620275609394": [[1000.0], [68], [67], [[4.0, 16.0, 64.0, 68.0, 27.0, 14.0, 9.0, 6.0, 4.0]], [[4.0, 16.0, 64.0, 67.0, 28.0, 14.0, 8.0, 6.0, 4.0]]], "0.0002395026619987486": [[1000.0], [64], [64], [[4.0, 16.0, 64.0, 61.0, 25.0, 13.0, 8.0, 6.0, 3.0]], [[4.0, 16.0, 64.0, 61.0, 25.0, 12.0, 8.0, 6.0, 3.0]]], "0.0003562247890262444": [[1000.0], [64], [64], [[4.0, 16.0, 64.0, 56.0, 23.0, 11.0, 6.0, 5.0, 3.0]], [[4.0, 16.0, 64.0, 55.0, 22.0, 11.0, 6.0, 5.0, 3.0]]], "0.0005298316906283713": [[1000.0], [64], [63], [[4.0, 16.0, 64.0, 50.0, 21.0, 10.0, 6.0, 5.0, 3.0]], [[4.0, 16.0, 63.0, 49.0, 20.0, 10.0, 6.0, 5.0, 3.0]]], "0.0007880462815669912": [[1000.0], [63], [62], [[4.0, 16.0, 63.0, 44.0, 19.0, 9.0, 6.0, 4.0, 3.0]], [[4.0, 16.0, 62.0, 44.0, 18.0, 9.0, 6.0, 4.0, 3.0]]], "0.0011721022975334804": [[1000.0], [61], [61], [[4.0, 16.0, 61.0, 39.0, 16.0, 9.0, 6.0, 4.0, 3.0]], [[4.0, 16.0, 61.0, 39.0, 16.0, 9.0, 6.0, 4.0, 3.0]]], "0.001743328822199989": [[1000.0], [58], [58], [[4.0, 16.0, 58.0, 35.0, 14.0, 8.0, 5.0, 3.0, 3.0]], [[4.0, 16.0, 58.0, 34.0, 14.0, 8.0, 5.0, 3.0, 3.0]]], "0.002592943797404667": [[1000.0], [55], [55], [[4.0, 16.0, 55.0, 31.0, 13.0, 7.0, 5.0, 3.0, 3.0]], [[4.0, 16.0, 55.0, 30.0, 13.0, 7.0, 5.0, 3.0, 3.0]]], "0.0038566204211634724": [[1000.0], [51], [51], [[4.0, 16.0, 51.0, 26.0, 12.0, 6.0, 4.0, 3.0, 3.0]], [[4.0, 16.0, 51.0, 26.0, 11.0, 6.0, 4.0, 3.0, 3.0]]], "0.005736152510448681": [[1000.0], [46], [46], [[4.0, 16.0, 46.0, 23.0, 10.0, 6.0, 3.0, 3.0, 3.0]], [[4.0, 16.0, 46.0, 22.0, 9.0, 6.0, 3.0, 3.0, 3.0]]], "0.008531678524172814": [[1000.0], [41], [41], [[4.0, 16.0, 41.0, 19.0, 9.0, 5.0, 3.0, 3.0, 3.0]], [[4.0, 16.0, 41.0, 19.0, 9.0, 5.0, 3.0, 3.0, 3.0]]], "0.012689610031679234": [[1000.0], [36], [36], [[4.0, 16.0, 36.0, 16.0, 8.0, 5.0, 3.0, 3.0, 2.0]], [[4.0, 16.0, 36.0, 16.0, 8.0, 5.0, 3.0, 3.0, 2.0]]], "0.018873918221350976": [[1000.0], [31], [31], [[4.0, 16.0, 31.0, 14.0, 6.0, 4.0, 3.0, 3.0, 2.0]], [[4.0, 16.0, 31.0, 14.0, 6.0, 4.0, 3.0, 3.0, 2.0]]], "0.028072162039411784": [[1000.0], [26], [26], [[4.0, 16.0, 26.0, 12.0, 6.0, 3.0, 3.0, 2.0, 1.0]], [[4.0, 16.0, 26.0, 11.0, 5.0, 3.0, 3.0, 2.0, 1.0]]], "0.04175318936560404": [[1000.0], [22], [22], [[4.0, 16.0, 22.0, 9.0, 5.0, 3.0, 3.0, 2.0, 1.0]], [[4.0, 16.0, 22.0, 9.0, 5.0, 3.0, 3.0, 2.0, 1.0]]], "0.06210169418915616": [[1000.0], [18], [18], [[4.0, 16.0, 18.0, 8.0, 4.0, 3.0, 2.0, 1.0, 1.0]], [[4.0, 16.0, 18.0, 8.0, 4.0, 3.0, 2.0, 1.0, 1.0]]], "0.09236708571873865": [[1000.0], [15], [15], [[4.0, 15.0, 14.0, 6.0, 3.0, 3.0, 2.0, 1.0, 1.0]], [[4.0, 15.0, 14.0, 6.0, 3.0, 3.0, 2.0, 1.0, 1.0]]], "0.1373823795883264": [[1000.0], [14], [14], [[4.0, 14.0, 11.0, 5.0, 3.0, 2.0, 1.0, 1.0, 1.0]], [[4.0, 14.0, 11.0, 5.0, 3.0, 2.0, 1.0, 1.0, 1.0]]], "0.20433597178569438": [[1000.0], [12], [12], [[4.0, 12.0, 9.0, 4.0, 3.0, 2.0, 1.0, 1.0, 1.0]], [[4.0, 12.0, 9.0, 4.0, 3.0, 2.0, 1.0, 1.0, 1.0]]], "0.1": [[1000.0], [15], [15], [[4.0, 15.0, 14.0, 6.0, 3.0, 3.0, 2.0, 1.0, 1.0]], [[4.0, 15.0, 14.0, 6.0, 3.0, 3.0, 2.0, 1.0, 1.0]]], "0.01": [[1000.0], [39], [39], [[4.0, 16.0, 39.0, 18.0, 9.0, 5.0, 3.0, 3.0, 3.0]], [[4.0, 16.0, 39.0, 18.0, 8.0, 5.0, 3.0, 3.0, 3.0]]], "0.001": [[1000.0], [62], [62], [[4.0, 16.0, 62.0, 41.0, 17.0, 9.0, 6.0, 4.0, 3.0]], [[4.0, 16.0, 62.0, 41.0, 17.0, 9.0, 6.0, 4.0, 3.0]]], "0.005": [[1000.0], [48], [47], [[4.0, 16.0, 48.0, 24.0, 10.0, 6.0, 4.0, 3.0, 3.0]], [[4.0, 16.0, 47.0, 23.0, 10.0, 6.0, 4.0, 3.0, 3.0]]]}