{"0": 11.334968566894531, "9.765625e-05": 11.096872806549072, "0.0001953125": 11.052164077758789, "0.00029296875000000004": 11.107144117355347, "0.000390625": 11.05876612663269, "0.00048828125": 11.108927965164185, "0.0005859375": 11.125812530517578, "0.00068359375": 11.098272562026978, "0.0007812499999999999": 11.049082040786743, "0.0008789062499999999": 10.919890642166138, "0.0009765624999999999": 10.832933187484741, "0.0010742187499999999": 10.883647203445435, "0.001171875": 10.885470867156982, "0.00126953125": 10.861946821212769, "0.0013671875000000001": 10.834882259368896, "0.0014648437500000002": 10.769574403762817, "0.0015625000000000003": 10.83632779121399, "0.0016601562500000004": 10.968730211257935, "0.0017578125000000005": 10.837196350097656, "0.0018554687500000006": 10.845652341842651, "0.0019531250000000004": 10.85315203666687, "0.0020507812500000005": 10.75194764137268, "0.0021484375000000006": 10.909006834030151, "0.0022460937500000007": 10.94839596748352, "0.0023437500000000008": 10.853336095809937, "0.002441406250000001": 10.916088342666626, "0.002539062500000001": 10.792427062988281, "0.002636718750000001": 10.82686996459961, "0.002734375000000001": 10.94861125946045, "0.002832031250000001": 10.89622950553894, "0.0029296875000000013": 10.810688734054565, "0.0030273437500000014": 10.791455745697021, "0.0031250000000000015": 10.809429407119751, "0.0032226562500000016": 10.898610353469849, "0.0033203125000000016": 10.996532917022705, "0.0034179687500000017": 10.88895058631897, "0.003515625000000002": 10.766406059265137, "0.003613281250000002": 10.83668303489685, "0.003710937500000002": 10.876294374465942, "0.003808593750000002": 10.993397951126099, "0.003906250000000002": 10.873703002929688, "0.004003906250000001": 10.846620559692383, "0.004101562500000001": 10.84988284111023, "0.004199218750000001": 10.715270519256592, "0.004296875": 10.771763801574707, "0.00439453125": 10.974172353744507, "0.0044921875": 10.799687147140503, "0.004589843749999999": 10.727901458740234, "0.004687499999999999": 10.894153594970703, "0.004785156249999999": 10.816585063934326, "0.004882812499999998": 10.691692113876343, "0.004980468749999998": 10.716918230056763, "0.005078124999999998": 10.815363883972168, "0.005175781249999997": 10.815460205078125, "0.005273437499999997": 10.88165020942688, "0.0053710937499999965": 10.944514274597168, "0.005468749999999996": 10.846403360366821, "0.005566406249999996": 10.811150074005127, "0.0056640624999999955": 10.79546856880188, "0.005761718749999995": 10.863543510437012, "0.005859374999999995": 10.818802833557129, "0.0059570312499999944": 10.79900074005127, "0.006054687499999994": 11.152718544006348, "0.006152343749999994": 11.133428812026978, "0.006249999999999993": 11.062461614608765, "0.006347656249999993": 11.14349365234375, "0.006445312499999993": 11.087908506393433, "0.006542968749999992": 11.059002161026001, "0.006640624999999992": 11.09626293182373, "0.006738281249999992": 11.068104982376099, "0.006835937499999991": 11.00940728187561, "0.006933593749999991": 11.060425281524658, "0.007031249999999991": 11.156716346740723, "0.00712890624999999": 11.082019805908203, "0.00722656249999999": 11.020384788513184, "0.00732421874999999": 11.07692265510559, "0.007421874999999989": 11.027722597122192, "0.007519531249999989": 11.062523365020752, "0.0076171874999999886": 11.066509008407593, "0.007714843749999988": 11.060301780700684, "0.007812499999999988": 10.94621205329895, "0.007910156249999988": 10.925901174545288, "0.008007812499999987": 11.047717332839966, "0.008105468749999987": 10.936184406280518, "0.008203124999999986": 11.015897989273071, "0.008300781249999986": 11.0559561252594, "0.008398437499999986": 10.877236127853394, "0.008496093749999985": 10.998532772064209, "0.008593749999999985": 10.966270685195923, "0.008691406249999985": 11.007945775985718, "0.008789062499999984": 10.910143375396729, "0.008886718749999984": 10.920276641845703, "0.008984374999999984": 10.967799425125122, "0.009082031249999983": 10.920411825180054, "0.009179687499999983": 10.892965078353882, "0.009277343749999983": 10.990330219268799, "0.009374999999999982": 10.95099401473999, "0.009472656249999982": 10.948905944824219, "0.009570312499999982": 10.931361675262451, "0.009667968749999981": 10.95764708518982}