{"0": 0.005201816558837891, "0.003125": 0.0050470829010009766, "0.00625": 0.004964351654052734, "0.009375000000000001": 0.004951953887939453, "0.0125": 0.004983425140380859, "0.015625": 0.005023479461669922, "0.01875": 0.005024909973144531, "0.021875": 0.005066394805908203, "0.024999999999999998": 0.005037069320678711, "0.028124999999999997": 0.005011320114135742, "0.031249999999999997": 0.0050008296966552734, "0.034374999999999996": 0.0050046443939208984, "0.0375": 0.005055427551269531, "0.040625": 0.005028247833251953, "0.043750000000000004": 0.005024433135986328, "0.04687500000000001": 0.00500798225402832, "0.05000000000000001": 0.005064964294433594, "0.05312500000000001": 0.005002737045288086, "0.056250000000000015": 0.004974842071533203, "0.05937500000000002": 0.004942178726196289, "0.06250000000000001": 0.0050084590911865234, "0.06562500000000002": 0.00493311882019043, "0.06875000000000002": 0.0050029754638671875, "0.07187500000000002": 0.004961490631103516, "0.07500000000000002": 0.004986763000488281, "0.07812500000000003": 0.004961967468261719, "0.08125000000000003": 0.005074262619018555, "0.08437500000000003": 0.0049631595611572266, "0.08750000000000004": 0.0049517154693603516, "0.09062500000000004": 0.004971027374267578, "0.09375000000000004": 0.004951000213623047, "0.09687500000000004": 0.004966020584106445, "0.10000000000000005": 0.0049855709075927734, "0.10312500000000005": 0.005017995834350586, "0.10625000000000005": 0.0050122737884521484, "0.10937500000000006": 0.005010366439819336, "0.11250000000000006": 0.004985332489013672, "0.11562500000000006": 0.005039215087890625, "0.11875000000000006": 0.005096912384033203, "0.12187500000000007": 0.004964351654052734, "0.12500000000000006": 0.004995107650756836, "0.12812500000000004": 0.005017280578613281, "0.13125000000000003": 0.005135774612426758, "0.13437500000000002": 0.00499272346496582, "0.1375": 0.004980325698852539, "0.140625": 0.004992485046386719, "0.14375": 0.004959583282470703, "0.14687499999999998": 0.004983663558959961, "0.14999999999999997": 0.004953622817993164, "0.15312499999999996": 0.0049822330474853516, "0.15624999999999994": 0.005073070526123047, "0.15937499999999993": 0.004970550537109375, "0.16249999999999992": 0.004963397979736328, "0.1656249999999999": 0.004968404769897461, "0.1687499999999999": 0.004956483840942383, "0.1718749999999999": 0.0049860477447509766, "0.17499999999999988": 0.004970073699951172, "0.17812499999999987": 0.0049724578857421875, "0.18124999999999986": 0.004992008209228516, "0.18437499999999984": 0.005012989044189453, "0.18749999999999983": 0.0050203800201416016, "0.19062499999999982": 0.005019426345825195, "0.1937499999999998": 0.005129098892211914, "0.1968749999999998": 0.005069732666015625, "0.1999999999999998": 0.00501561164855957, "0.20312499999999978": 0.004992961883544922, "0.20624999999999977": 0.005010128021240234, "0.20937499999999976": 0.0050122737884521484, "0.21249999999999974": 0.005035400390625, "0.21562499999999973": 0.005171537399291992, "0.21874999999999972": 0.004990339279174805, "0.2218749999999997": 0.004990339279174805, "0.2249999999999997": 0.004918575286865234, "0.2281249999999997": 0.004976511001586914, "0.23124999999999968": 0.004955291748046875, "0.23437499999999967": 0.004960536956787109, "0.23749999999999966": 0.005081892013549805, "0.24062499999999964": 0.004964351654052734, "0.24374999999999963": 0.0049686431884765625, "0.24687499999999962": 0.005003690719604492, "0.2499999999999996": 0.005137920379638672, "0.2531249999999996": 0.006012439727783203, "0.2562499999999996": 0.006798744201660156, "0.2593749999999996": 0.007075071334838867, "0.26249999999999957": 0.006773710250854492, "0.26562499999999956": 0.006789207458496094, "0.26874999999999954": 0.007110595703125, "0.27187499999999953": 0.006791114807128906, "0.2749999999999995": 0.006832122802734375, "0.2781249999999995": 0.007243633270263672, "0.2812499999999995": 0.0071947574615478516, "0.2843749999999995": 0.006802082061767578, "0.2874999999999995": 0.006890058517456055, "0.29062499999999947": 0.0065076351165771484, "0.29374999999999946": 0.006560564041137695, "0.29687499999999944": 0.006220579147338867, "0.29999999999999943": 0.0058422088623046875, "0.3031249999999994": 0.005742788314819336, "0.3062499999999994": 0.0055239200592041016, "0.3093749999999994": 0.0054225921630859375}