{"0": 0.014615058898925781, "0.0015625": 0.013007879257202148, "0.003125": 0.013234615325927734, "0.004687500000000001": 0.012991666793823242, "0.00625": 0.01300501823425293, "0.0078125": 0.015290975570678711, "0.009375": 0.018728971481323242, "0.0109375": 0.01763319969177246, "0.012499999999999999": 0.012820005416870117, "0.014062499999999999": 0.012865543365478516, "0.015624999999999998": 0.012943267822265625, "0.017187499999999998": 0.01284646987915039, "0.01875": 0.01278233528137207, "0.0203125": 0.012754201889038086, "0.021875000000000002": 0.013145923614501953, "0.023437500000000003": 0.012743711471557617, "0.025000000000000005": 0.012941122055053711, "0.026562500000000006": 0.012831926345825195, "0.028125000000000008": 0.01285696029663086, "0.02968750000000001": 0.013065576553344727, "0.03125000000000001": 0.012887239456176758, "0.03281250000000001": 0.01293182373046875, "0.03437500000000001": 0.013786077499389648, "0.03593750000000001": 0.012935161590576172, "0.03750000000000001": 0.012759923934936523, "0.039062500000000014": 0.012823820114135742, "0.040625000000000015": 0.012928247451782227, "0.04218750000000002": 0.012891292572021484, "0.04375000000000002": 0.01295328140258789, "0.04531250000000002": 0.014821529388427734, "0.04687500000000002": 0.01410365104675293, "0.04843750000000002": 0.01293635368347168, "0.050000000000000024": 0.01276397705078125, "0.051562500000000025": 0.013283967971801758, "0.053125000000000026": 0.013344526290893555, "0.05468750000000003": 0.012874126434326172, "0.05625000000000003": 0.012874603271484375, "0.05781250000000003": 0.013102293014526367, "0.05937500000000003": 0.013043880462646484, "0.06093750000000003": 0.013095855712890625, "0.06250000000000003": 0.012943506240844727, "0.06406250000000002": 0.013159751892089844, "0.06562500000000002": 0.01266169548034668, "0.06718750000000001": 0.012739419937133789, "0.06875": 0.012776613235473633, "0.0703125": 0.01304316520690918, "0.071875": 0.012898445129394531, "0.07343749999999999": 0.013100862503051758, "0.07499999999999998": 0.012882471084594727, "0.07656249999999998": 0.012846231460571289, "0.07812499999999997": 0.012855052947998047, "0.07968749999999997": 0.012894630432128906, "0.08124999999999996": 0.013695001602172852, "0.08281249999999996": 0.012768030166625977, "0.08437499999999995": 0.012886762619018555, "0.08593749999999994": 0.013130426406860352, "0.08749999999999994": 0.012956857681274414, "0.08906249999999993": 0.014180898666381836, "0.09062499999999993": 0.012936830520629883, "0.09218749999999992": 0.013095855712890625, "0.09374999999999992": 0.013113021850585938, "0.09531249999999991": 0.013036012649536133, "0.0968749999999999": 0.013198137283325195, "0.0984374999999999": 0.012917757034301758, "0.0999999999999999": 0.013094186782836914, "0.10156249999999989": 0.013110160827636719, "0.10312499999999988": 0.012947559356689453, "0.10468749999999988": 0.013243675231933594, "0.10624999999999987": 0.012838363647460938, "0.10781249999999987": 0.013114452362060547, "0.10937499999999986": 0.013158082962036133, "0.11093749999999986": 0.012999534606933594, "0.11249999999999985": 0.013215065002441406, "0.11406249999999984": 0.01291203498840332, "0.11562499999999984": 0.01301264762878418, "0.11718749999999983": 0.013140439987182617, "0.11874999999999983": 0.012975454330444336, "0.12031249999999982": 0.01319575309753418, "0.12187499999999982": 0.012846946716308594, "0.12343749999999981": 0.01310276985168457, "0.1249999999999998": 0.013081789016723633, "0.1265624999999998": 0.012952804565429688, "0.1281249999999998": 0.013173818588256836, "0.1296874999999998": 0.012960672378540039, "0.13124999999999978": 0.013082265853881836, "0.13281249999999978": 0.013161897659301758, "0.13437499999999977": 0.013032913208007812, "0.13593749999999977": 0.013274192810058594, "0.13749999999999976": 0.01288604736328125, "0.13906249999999976": 0.01313638687133789, "0.14062499999999975": 0.013097047805786133, "0.14218749999999974": 0.013023138046264648, "0.14374999999999974": 0.013187408447265625, "0.14531249999999973": 0.012868165969848633, "0.14687499999999973": 0.013040304183959961, "0.14843749999999972": 0.013147354125976562, "0.14999999999999972": 0.012961864471435547, "0.1515624999999997": 0.013202667236328125, "0.1531249999999997": 0.0128173828125, "0.1546874999999997": 0.013112545013427734}