{"0": 59.355992555618286, "4.8828125e-05": 57.06501579284668, "9.765625e-05": 56.97831058502197, "0.00014648437500000002": 56.92300581932068, "0.0001953125": 56.992042779922485, "0.000244140625": 56.883384227752686, "0.00029296875": 56.88112235069275, "0.000341796875": 56.936604022979736, "0.00039062499999999997": 56.90502882003784, "0.00043945312499999996": 56.93022012710571, "0.00048828124999999995": 56.91206097602844, "0.0005371093749999999": 56.87409496307373, "0.0005859375": 56.898141860961914, "0.000634765625": 56.87757205963135, "0.0006835937500000001": 56.87972068786621, "0.0007324218750000001": 56.91226029396057, "0.0007812500000000002": 56.88913631439209, "0.0008300781250000002": 56.85055947303772, "0.0008789062500000002": 58.8298499584198, "0.0009277343750000003": 56.92570614814758, "0.0009765625000000002": 56.85951018333435, "0.0010253906250000003": 56.85195255279541, "0.0010742187500000003": 56.90669560432434, "0.0011230468750000003": 56.8309371471405, "0.0011718750000000004": 56.82499361038208, "0.0012207031250000004": 56.83683109283447, "0.0012695312500000005": 56.80529165267944, "0.0013183593750000005": 56.72878646850586, "0.0013671875000000006": 56.705899238586426, "0.0014160156250000006": 56.72683882713318, "0.0014648437500000007": 56.75866103172302, "0.0015136718750000007": 57.02136826515198, "0.0015625000000000007": 56.9181694984436, "0.0016113281250000008": 56.80359673500061, "0.0016601562500000008": 56.83798670768738, "0.0017089843750000009": 56.83101940155029, "0.001757812500000001": 56.85571336746216, "0.001806640625000001": 56.66916275024414, "0.001855468750000001": 56.753119707107544, "0.001904296875000001": 56.75598382949829, "0.001953125000000001": 56.73940348625183, "0.0020019531250000007": 56.62651586532593, "0.0020507812500000005": 56.730626344680786, "0.0020996093750000003": 56.679418087005615, "0.0021484375": 56.79469633102417, "0.002197265625": 56.791383504867554, "0.00224609375": 56.685100078582764, "0.0022949218749999997": 56.94404053688049, "0.0023437499999999995": 57.00445079803467, "0.0023925781249999993": 56.96023941040039, "0.002441406249999999": 56.61364197731018, "0.002490234374999999": 56.868335008621216, "0.002539062499999999": 94.99074196815491, "0.0025878906249999986": 64.56404829025269, "0.0026367187499999984": 63.632750511169434, "0.0026855468749999983": 63.04513931274414, "0.002734374999999998": 64.49973893165588, "0.002783203124999998": 65.7042486667633, "0.0028320312499999977": 62.85374689102173, "0.0028808593749999976": 61.702550172805786, "0.0029296874999999974": 60.83159279823303, "0.0029785156249999972": 60.53558373451233, "0.003027343749999997": 60.08945155143738, "0.003076171874999997": 59.58034110069275, "0.0031249999999999967": 59.18882203102112, "0.0031738281249999965": 59.11624789237976, "0.0032226562499999964": 58.43548083305359, "0.003271484374999996": 57.97761368751526, "0.003320312499999996": 57.93576645851135, "0.003369140624999996": 57.71100425720215, "0.0034179687499999957": 57.71123290061951, "0.0034667968749999955": 57.717525243759155, "0.0035156249999999953": 57.66039800643921, "0.003564453124999995": 57.145241498947144, "0.003613281249999995": 57.43469214439392, "0.003662109374999995": 57.340978384017944, "0.0037109374999999946": 57.11277985572815, "0.0037597656249999944": 57.056800365448, "0.0038085937499999943": 56.95102834701538, "0.003857421874999994": 56.56525683403015, "0.003906249999999994": 56.69741654396057, "0.003955078124999994": 58.308592081069946, "0.004003906249999994": 56.818490743637085, "0.004052734374999993": 56.801939725875854, "0.004101562499999993": 56.87094712257385, "0.004150390624999993": 56.59344172477722, "0.004199218749999993": 56.771512508392334, "0.004248046874999993": 56.56599450111389, "0.0042968749999999925": 56.54531121253967, "0.004345703124999992": 56.5396523475647, "0.004394531249999992": 56.46937823295593, "0.004443359374999992": 56.50771141052246, "0.004492187499999992": 56.47051644325256, "0.004541015624999992": 56.510597705841064, "0.0045898437499999915": 56.454429626464844, "0.004638671874999991": 56.619327783584595, "0.004687499999999991": 56.49782609939575, "0.004736328124999991": 56.559993505477905, "0.004785156249999991": 56.5988667011261, "0.004833984374999991": 56.45668935775757}