{"0": 0.06483268737792969, "0.00078125": 0.051564693450927734, "0.0015625": 0.05119895935058594, "0.0023437500000000003": 0.05329155921936035, "0.003125": 0.051947832107543945, "0.00390625": 0.05142855644226074, "0.0046875": 0.05218625068664551, "0.00546875": 0.051494598388671875, "0.0062499999999999995": 0.05338168144226074, "0.007031249999999999": 0.0516660213470459, "0.007812499999999999": 0.05106067657470703, "0.008593749999999999": 0.05296826362609863, "0.009375": 0.05175614356994629, "0.01015625": 0.0554807186126709, "0.010937500000000001": 0.05177783966064453, "0.011718750000000002": 0.05416703224182129, "0.012500000000000002": 0.05138969421386719, "0.013281250000000003": 0.05347013473510742, "0.014062500000000004": 0.05213522911071777, "0.014843750000000005": 0.05159497261047363, "0.015625000000000003": 0.05217409133911133, "0.016406250000000004": 0.0513153076171875, "0.017187500000000005": 0.05368161201477051, "0.017968750000000006": 0.05159139633178711, "0.018750000000000006": 0.05349540710449219, "0.019531250000000007": 0.05207967758178711, "0.020312500000000008": 0.05199122428894043, "0.02109375000000001": 0.05199718475341797, "0.02187500000000001": 0.05349135398864746, "0.02265625000000001": 0.0519869327545166, "0.02343750000000001": 0.05178332328796387, "0.02421875000000001": 0.055420637130737305, "0.025000000000000012": 0.05231213569641113, "0.025781250000000012": 0.0518336296081543, "0.026562500000000013": 0.055017948150634766, "0.027343750000000014": 0.051612138748168945, "0.028125000000000015": 0.05411386489868164, "0.028906250000000015": 0.051621198654174805, "0.029687500000000016": 0.053668975830078125, "0.030468750000000017": 0.052587270736694336, "0.031250000000000014": 0.05243110656738281, "0.03203125000000001": 0.05349397659301758, "0.03281250000000001": 0.05192375183105469, "0.033593750000000006": 0.05351448059082031, "0.034375": 0.051661014556884766, "0.03515625": 0.05122661590576172, "0.0359375": 0.051798343658447266, "0.036718749999999994": 0.051740407943725586, "0.03749999999999999": 0.05311083793640137, "0.03828124999999999": 0.052793025970458984, "0.039062499999999986": 0.05158877372741699, "0.03984374999999998": 0.05446934700012207, "0.04062499999999998": 0.052851200103759766, "0.04140624999999998": 0.05432748794555664, "0.042187499999999975": 0.05293011665344238, "0.04296874999999997": 0.05434012413024902, "0.04374999999999997": 0.05166053771972656, "0.04453124999999997": 0.051496267318725586, "0.045312499999999964": 0.054514169692993164, "0.04609374999999996": 0.05180525779724121, "0.04687499999999996": 0.051456451416015625, "0.047656249999999956": 0.053362131118774414, "0.04843749999999995": 0.054107666015625, "0.04921874999999995": 0.0552220344543457, "0.04999999999999995": 0.05270791053771973, "0.050781249999999944": 0.0552067756652832, "0.05156249999999994": 0.07336568832397461, "0.05234374999999994": 0.06913995742797852, "0.053124999999999936": 0.07253026962280273, "0.05390624999999993": 0.05657839775085449, "0.05468749999999993": 0.05347394943237305, "0.05546874999999993": 0.05479598045349121, "0.056249999999999925": 0.05216813087463379, "0.05703124999999992": 0.052529335021972656, "0.05781249999999992": 0.051373958587646484, "0.05859374999999992": 0.05446982383728027, "0.059374999999999914": 0.052260637283325195, "0.06015624999999991": 0.053850650787353516, "0.06093749999999991": 0.051795005798339844, "0.061718749999999906": 0.051322221755981445, "0.0624999999999999": 0.0520787239074707, "0.0632812499999999": 0.052819013595581055, "0.0640624999999999": 0.05407261848449707, "0.0648437499999999": 0.051316261291503906, "0.06562499999999989": 0.05355358123779297, "0.06640624999999989": 0.05229306221008301, "0.06718749999999989": 0.05123019218444824, "0.06796874999999988": 0.05255699157714844, "0.06874999999999988": 0.05458521842956543, "0.06953124999999988": 0.05398869514465332, "0.07031249999999988": 0.05176711082458496, "0.07109374999999987": 0.05441594123840332, "0.07187499999999987": 0.05210757255554199, "0.07265624999999987": 0.0513916015625, "0.07343749999999986": 0.05179333686828613, "0.07421874999999986": 0.05368947982788086, "0.07499999999999986": 0.05162405967712402, "0.07578124999999986": 0.05239725112915039, "0.07656249999999985": 0.05474066734313965, "0.07734374999999985": 0.05157732963562012}