{"0": 0.38689708709716797, "0.000390625": 0.31467390060424805, "0.00078125": 0.30853843688964844, "0.0011718750000000002": 0.3225064277648926, "0.0015625": 0.31427764892578125, "0.001953125": 0.32209181785583496, "0.00234375": 0.3234128952026367, "0.002734375": 0.30690550804138184, "0.0031249999999999997": 0.311816930770874, "0.0035156249999999997": 0.34500861167907715, "0.0039062499999999996": 0.31931018829345703, "0.0042968749999999995": 0.31763195991516113, "0.0046875": 0.3183867931365967, "0.005078125": 0.31104016304016113, "0.0054687500000000005": 0.31162595748901367, "0.005859375000000001": 0.33434009552001953, "0.006250000000000001": 0.32076311111450195, "0.0066406250000000016": 0.3193376064300537, "0.007031250000000002": 0.31743955612182617, "0.007421875000000002": 0.31697630882263184, "0.007812500000000002": 0.3183629512786865, "0.008203125000000002": 0.31963157653808594, "0.008593750000000002": 0.33266425132751465, "0.008984375000000003": 0.3167858123779297, "0.009375000000000003": 0.30338430404663086, "0.009765625000000003": 0.3596220016479492, "0.010156250000000004": 0.3186488151550293, "0.010546875000000004": 0.3193671703338623, "0.010937500000000005": 0.3207533359527588, "0.011328125000000005": 0.3084747791290283, "0.011718750000000005": 0.31287360191345215, "0.012109375000000006": 0.3177182674407959, "0.012500000000000006": 0.3118124008178711, "0.012890625000000006": 0.3082716464996338, "0.013281250000000007": 0.31644368171691895, "0.013671875000000007": 0.31180262565612793, "0.014062500000000007": 0.3202030658721924, "0.014453125000000008": 0.31076526641845703, "0.014843750000000008": 0.3026399612426758, "0.015234375000000008": 0.31327033042907715, "0.015625000000000007": 0.3127601146697998, "0.016015625000000006": 0.3272733688354492, "0.016406250000000004": 0.3401510715484619, "0.016796875000000003": 0.3199143409729004, "0.0171875": 0.31497693061828613, "0.017578125": 0.3127279281616211, "0.01796875": 0.30731892585754395, "0.018359374999999997": 0.3106954097747803, "0.018749999999999996": 0.3050367832183838, "0.019140624999999994": 0.31394028663635254, "0.019531249999999993": 0.3148045539855957, "0.01992187499999999": 0.3112175464630127, "0.02031249999999999": 0.3090488910675049, "0.02070312499999999": 0.31093835830688477, "0.021093749999999988": 0.31571507453918457, "0.021484374999999986": 0.32178664207458496, "0.021874999999999985": 0.318178653717041, "0.022265624999999983": 0.33969712257385254, "0.022656249999999982": 0.3267335891723633, "0.02304687499999998": 0.3244664669036865, "0.02343749999999998": 0.3191823959350586, "0.023828124999999978": 0.31174802780151367, "0.024218749999999976": 0.32701969146728516, "0.024609374999999975": 0.3230125904083252, "0.024999999999999974": 0.312436580657959, "0.025390624999999972": 0.31784844398498535, "0.02578124999999997": 0.3108203411102295, "0.02617187499999997": 0.3161182403564453, "0.026562499999999968": 0.3078775405883789, "0.026953124999999967": 0.3203761577606201, "0.027343749999999965": 0.32234978675842285, "0.027734374999999964": 0.3170435428619385, "0.028124999999999963": 0.336336612701416, "0.02851562499999996": 0.32051920890808105, "0.02890624999999996": 0.31604623794555664, "0.02929687499999996": 0.3243999481201172, "0.029687499999999957": 0.3110663890838623, "0.030078124999999956": 0.31826281547546387, "0.030468749999999954": 0.3278160095214844, "0.030859374999999953": 0.3145632743835449, "0.03124999999999995": 0.31809353828430176, "0.03164062499999995": 0.3204333782196045, "0.03203124999999995": 0.31713199615478516, "0.03242187499999995": 0.314150333404541, "0.032812499999999946": 0.3120229244232178, "0.033203124999999944": 0.31404733657836914, "0.03359374999999994": 0.3192117214202881, "0.03398437499999994": 0.32280564308166504, "0.03437499999999994": 0.3490893840789795, "0.03476562499999994": 0.3188138008117676, "0.03515624999999994": 0.3101539611816406, "0.035546874999999936": 0.3347508907318115, "0.035937499999999935": 0.31703615188598633, "0.03632812499999993": 0.32516002655029297, "0.03671874999999993": 0.3204073905944824, "0.03710937499999993": 0.31946349143981934, "0.03749999999999993": 0.3249537944793701, "0.03789062499999993": 0.3130650520324707, "0.038281249999999926": 0.32366490364074707, "0.038671874999999925": 0.3157951831817627}