{"0": 1.7777318954467773, "0.0001953125": 1.5479412078857422, "0.000390625": 1.5330860614776611, "0.0005859375000000001": 1.5575997829437256, "0.00078125": 1.5116639137268066, "0.0009765625": 1.5101146697998047, "0.001171875": 1.5215075016021729, "0.0013671875": 1.5778090953826904, "0.0015624999999999999": 1.5306189060211182, "0.0017578124999999998": 1.5370869636535645, "0.0019531249999999998": 1.525709629058838, "0.0021484374999999997": 1.5199482440948486, "0.00234375": 1.5175347328186035, "0.0025390625": 1.5510046482086182, "0.0027343750000000003": 1.536508560180664, "0.0029296875000000004": 1.5248165130615234, "0.0031250000000000006": 1.5532522201538086, "0.0033203125000000008": 1.558527946472168, "0.003515625000000001": 1.548210859298706, "0.003710937500000001": 1.5528740882873535, "0.003906250000000001": 1.5565719604492188, "0.004101562500000001": 1.5234615802764893, "0.004296875000000001": 1.5256845951080322, "0.004492187500000001": 1.5498847961425781, "0.0046875000000000016": 1.577660322189331, "0.004882812500000002": 1.53659987449646, "0.005078125000000002": 1.5848345756530762, "0.005273437500000002": 1.5863897800445557, "0.005468750000000002": 1.5358366966247559, "0.005664062500000002": 1.564190149307251, "0.005859375000000003": 1.5288679599761963, "0.006054687500000003": 1.5613365173339844, "0.006250000000000003": 1.5604429244995117, "0.006445312500000003": 1.5606622695922852, "0.006640625000000003": 1.526641607284546, "0.0068359375000000035": 1.5043938159942627, "0.007031250000000004": 1.5508732795715332, "0.007226562500000004": 1.5278043746948242, "0.007421875000000004": 1.5333170890808105, "0.007617187500000004": 1.5443215370178223, "0.007812500000000003": 1.5101258754730225, "0.008007812500000003": 1.543436050415039, "0.008203125000000002": 1.5328731536865234, "0.008398437500000001": 1.5604009628295898, "0.00859375": 1.5265495777130127, "0.0087890625": 1.565540075302124, "0.008984375": 1.5441386699676514, "0.009179687499999999": 1.5805399417877197, "0.009374999999999998": 1.5098614692687988, "0.009570312499999997": 1.5395252704620361, "0.009765624999999997": 1.5159239768981934, "0.009960937499999996": 1.5116283893585205, "0.010156249999999995": 1.5716772079467773, "0.010351562499999994": 1.5115995407104492, "0.010546874999999994": 1.531503438949585, "0.010742187499999993": 1.5277533531188965, "0.010937499999999992": 1.5019102096557617, "0.011132812499999992": 1.5172712802886963, "0.011328124999999991": 1.526674509048462, "0.01152343749999999": 1.569732904434204, "0.01171874999999999": 1.5233824253082275, "0.011914062499999989": 1.5340564250946045, "0.012109374999999988": 1.542966604232788, "0.012304687499999988": 1.503723382949829, "0.012499999999999987": 1.512817621231079, "0.012695312499999986": 1.556093454360962, "0.012890624999999985": 1.5766196250915527, "0.013085937499999985": 1.5400118827819824, "0.013281249999999984": 1.5692687034606934, "0.013476562499999983": 1.5204570293426514, "0.013671874999999983": 1.5187983512878418, "0.013867187499999982": 1.5486278533935547, "0.014062499999999981": 1.5395090579986572, "0.01425781249999998": 1.5537474155426025, "0.01445312499999998": 1.5329794883728027, "0.01464843749999998": 1.5621163845062256, "0.014843749999999978": 1.5195772647857666, "0.015039062499999978": 1.5090997219085693, "0.015234374999999977": 1.5386862754821777, "0.015429687499999976": 1.517068862915039, "0.015624999999999976": 1.5373775959014893, "0.015820312499999975": 1.5302717685699463, "0.016015624999999974": 1.514148235321045, "0.016210937499999974": 1.5201852321624756, "0.016406249999999973": 1.5198864936828613, "0.016601562499999972": 1.5928688049316406, "0.01679687499999997": 1.5635135173797607, "0.01699218749999997": 1.5427231788635254, "0.01718749999999997": 1.532806158065796, "0.01738281249999997": 1.5382530689239502, "0.01757812499999997": 1.5183067321777344, "0.017773437499999968": 1.5389633178710938, "0.017968749999999967": 1.5209534168243408, "0.018164062499999967": 1.5186047554016113, "0.018359374999999966": 1.5550949573516846, "0.018554687499999965": 1.5187439918518066, "0.018749999999999965": 1.5490894317626953, "0.018945312499999964": 1.525541067123413, "0.019140624999999963": 1.5406312942504883, "0.019335937499999963": 1.5264947414398193}