{"0": 0.004026889801025391, "0.00625": 0.003866910934448242, "0.0125": 0.0037255287170410156, "0.018750000000000003": 0.003676176071166992, "0.025": 0.0036897659301757812, "0.03125": 0.003946781158447266, "0.0375": 0.003901243209838867, "0.04375": 0.003945827484130859, "0.049999999999999996": 0.003783702850341797, "0.056249999999999994": 0.003908395767211914, "0.06249999999999999": 0.004008054733276367, "0.06874999999999999": 0.003905057907104492, "0.075": 0.00392603874206543, "0.08125": 0.003865480422973633, "0.08750000000000001": 0.003942012786865234, "0.09375000000000001": 0.003747701644897461, "0.10000000000000002": 0.003740072250366211, "0.10625000000000002": 0.003885984420776367, "0.11250000000000003": 0.0032737255096435547, "0.11875000000000004": 0.0032324790954589844, "0.12500000000000003": 0.003202199935913086, "0.13125000000000003": 0.003230571746826172, "0.13750000000000004": 0.0031888484954833984, "0.14375000000000004": 0.003225564956665039, "0.15000000000000005": 0.003191709518432617, "0.15625000000000006": 0.003200531005859375, "0.16250000000000006": 0.0031883716583251953, "0.16875000000000007": 0.003213644027709961, "0.17500000000000007": 0.0031991004943847656, "0.18125000000000008": 0.0032143592834472656, "0.18750000000000008": 0.003182649612426758, "0.1937500000000001": 0.0032165050506591797, "0.2000000000000001": 0.0033156871795654297, "0.2062500000000001": 0.0032722949981689453, "0.2125000000000001": 0.0032248497009277344, "0.2187500000000001": 0.0032296180725097656, "0.22500000000000012": 0.003190755844116211, "0.23125000000000012": 0.0032339096069335938, "0.23750000000000013": 0.003209352493286133, "0.24375000000000013": 0.0032091140747070312, "0.2500000000000001": 0.003193378448486328, "0.2562500000000001": 0.003215789794921875, "0.26250000000000007": 0.0032112598419189453, "0.26875000000000004": 0.0032317638397216797, "0.275": 0.0032019615173339844, "0.28125": 0.003221273422241211, "0.2875": 0.0032181739807128906, "0.29374999999999996": 0.0032155513763427734, "0.29999999999999993": 0.0032281875610351562, "0.3062499999999999": 0.0032498836517333984, "0.3124999999999999": 0.0032258033752441406, "0.31874999999999987": 0.0032434463500976562, "0.32499999999999984": 0.0032422542572021484, "0.3312499999999998": 0.0031769275665283203, "0.3374999999999998": 0.003259897232055664, "0.3437499999999998": 0.0033159255981445312, "0.34999999999999976": 0.0032091140747070312, "0.35624999999999973": 0.0032186508178710938, "0.3624999999999997": 0.003270387649536133, "0.3687499999999997": 0.003247976303100586, "0.37499999999999967": 0.0032453536987304688, "0.38124999999999964": 0.0032494068145751953, "0.3874999999999996": 0.00325775146484375, "0.3937499999999996": 0.003244161605834961, "0.3999999999999996": 0.0032465457916259766, "0.40624999999999956": 0.0032722949981689453, "0.41249999999999953": 0.00322723388671875, "0.4187499999999995": 0.0032296180725097656, "0.4249999999999995": 0.003239154815673828, "0.43124999999999947": 0.003214120864868164, "0.43749999999999944": 0.0032083988189697266, "0.4437499999999994": 0.003219127655029297, "0.4499999999999994": 0.0032253265380859375, "0.4562499999999994": 0.0032181739807128906, "0.46249999999999936": 0.003219127655029297, "0.46874999999999933": 0.003203868865966797, "0.4749999999999993": 0.0032057762145996094, "0.4812499999999993": 0.0032079219818115234, "0.48749999999999927": 0.003190279006958008, "0.49374999999999925": 0.003211498260498047, "0.4999999999999992": 0.0031974315643310547, "0.5062499999999992": 0.0032236576080322266, "0.5124999999999992": 0.0032079219818115234, "0.5187499999999992": 0.0033462047576904297, "0.5249999999999991": 0.003284454345703125, "0.5312499999999991": 0.0032567977905273438, "0.5374999999999991": 0.0032355785369873047, "0.5437499999999991": 0.0032265186309814453, "0.549999999999999": 0.003278017044067383, "0.556249999999999": 0.0032095909118652344, "0.562499999999999": 0.0032911300659179688, "0.568749999999999": 0.003234386444091797, "0.574999999999999": 0.003227710723876953, "0.5812499999999989": 0.0032739639282226562, "0.5874999999999989": 0.0032236576080322266, "0.5937499999999989": 0.0032396316528320312, "0.5999999999999989": 0.0032196044921875, "0.6062499999999988": 0.003251314163208008, "0.6124999999999988": 0.0032067298889160156, "0.6187499999999988": 0.0032210350036621094}