{"0": 249.35946130752563, "2.44140625e-05": 237.77015209197998, "4.8828125e-05": 237.67619919776917, "7.324218750000001e-05": 237.43123865127563, "9.765625e-05": 238.01008415222168, "0.0001220703125": 237.96177411079407, "0.000146484375": 238.0784821510315, "0.0001708984375": 238.08567094802856, "0.00019531249999999998": 237.8606789112091, "0.00021972656249999998": 237.78448271751404, "0.00024414062499999997": 239.3327043056488, "0.00026855468749999997": 237.69402050971985, "0.00029296875": 237.58603692054749, "0.0003173828125": 237.56519174575806, "0.00034179687500000003": 237.4590253829956, "0.00036621093750000005": 237.2138078212738, "0.0003906250000000001": 237.17041993141174, "0.0004150390625000001": 237.3464276790619, "0.0004394531250000001": 237.32636213302612, "0.00046386718750000014": 237.0562002658844, "0.0004882812500000001": 232.57950711250305, "0.0005126953125000001": 232.87097191810608, "0.0005371093750000002": 232.69487833976746, "0.0005615234375000002": 233.26639461517334, "0.0005859375000000002": 235.87988185882568, "0.0006103515625000002": 236.415118932724, "0.0006347656250000002": 233.56469535827637, "0.0006591796875000003": 233.80227088928223, "0.0006835937500000003": 233.44068884849548, "0.0007080078125000003": 233.1653561592102, "0.0007324218750000003": 233.51687097549438, "0.0007568359375000003": 233.4363296031952, "0.0007812500000000004": 233.46922636032104, "0.0008056640625000004": 233.13900923728943, "0.0008300781250000004": 232.78587198257446, "0.0008544921875000004": 236.60926723480225, "0.0008789062500000005": 235.95042395591736, "0.0009033203125000005": 238.49096775054932, "0.0009277343750000005": 235.4283094406128, "0.0009521484375000005": 234.0355842113495, "0.0009765625000000004": 236.26488137245178, "0.0010009765625000003": 241.03071236610413, "0.0010253906250000003": 262.76086354255676, "0.0010498046875000002": 262.1711242198944, "0.00107421875": 259.8130872249603, "0.0010986328125": 258.3751862049103, "0.001123046875": 258.20842027664185, "0.0011474609374999998": 258.36749362945557, "0.0011718749999999997": 256.59232783317566, "0.0011962890624999997": 257.7083435058594, "0.0012207031249999996": 256.33627104759216, "0.0012451171874999995": 255.95287489891052, "0.0012695312499999994": 252.83582663536072, "0.0012939453124999993": 254.8151490688324, "0.0013183593749999992": 254.33017778396606, "0.0013427734374999991": 251.94408249855042, "0.001367187499999999": 253.1402518749237, "0.001391601562499999": 251.53255987167358, "0.0014160156249999989": 251.9164912700653, "0.0014404296874999988": 251.86513471603394, "0.0014648437499999987": 252.01045966148376, "0.0014892578124999986": 254.78706979751587, "0.0015136718749999985": 250.82856011390686, "0.0015380859374999984": 250.66901779174805, "0.0015624999999999984": 248.42089986801147, "0.0015869140624999983": 250.53473711013794, "0.0016113281249999982": 250.93319463729858, "0.001635742187499998": 249.1245982646942, "0.001660156249999998": 247.46735739707947, "0.001684570312499998": 242.57129764556885, "0.0017089843749999978": 244.35572338104248, "0.0017333984374999977": 240.51028513908386, "0.0017578124999999977": 241.19281220436096, "0.0017822265624999976": 243.07851648330688, "0.0018066406249999975": 239.98004627227783, "0.0018310546874999974": 240.21968293190002, "0.0018554687499999973": 243.77374792099, "0.0018798828124999972": 245.8445110321045, "0.0019042968749999971": 240.74121809005737, "0.001928710937499997": 242.29454970359802, "0.001953124999999997": 241.6027102470398, "0.001977539062499997": 241.34922313690186, "0.002001953124999997": 237.2482786178589, "0.0020263671874999967": 231.73477292060852, "0.0020507812499999966": 231.73061752319336, "0.0020751953124999965": 231.65510845184326, "0.0020996093749999964": 231.73053741455078, "0.0021240234374999964": 231.6999650001526, "0.0021484374999999963": 231.7454788684845, "0.002172851562499996": 231.6658627986908, "0.002197265624999996": 231.64628267288208, "0.002221679687499996": 231.67199397087097, "0.002246093749999996": 231.66585493087769, "0.002270507812499996": 231.64190983772278, "0.0022949218749999957": 231.64422059059143, "0.0023193359374999957": 231.6169672012329, "0.0023437499999999956": 231.61400890350342, "0.0023681640624999955": 231.5815463066101, "0.0023925781249999954": 231.59480261802673, "0.0024169921874999953": 231.6156837940216}