{"0": 87.0824773311615, "2.44140625e-05": 62.09963917732239, "4.8828125e-05": 61.149449825286865, "7.324218750000001e-05": 60.685078382492065, "9.765625e-05": 61.68776607513428, "0.0001220703125": 61.243818283081055, "0.000146484375": 61.87553310394287, "0.0001708984375": 62.246334075927734, "0.00019531249999999998": 62.224984884262085, "0.00021972656249999998": 62.80632710456848}