{"0": 57.4138503074646, "0.0001953125": 46.46742224693298, "0.000390625": 45.64514899253845, "0.0005859375000000001": 48.506699085235596, "0.00078125": 48.49244952201843, "0.0009765625": 47.057693004608154, "0.001171875": 48.03033256530762, "0.0013671875": 46.86819338798523, "0.0015624999999999999": 47.49420785903931, "0.0017578124999999998": 47.458895683288574}