{"0": 80.04399180412292, "4.8828125e-05": 60.89387249946594, "9.765625e-05": 61.677488803863525, "0.00014648437500000002": 60.613067388534546, "0.0001953125": 61.618430852890015, "0.000244140625": 60.85916805267334, "0.00029296875": 60.96679425239563, "0.000341796875": 61.25754451751709, "0.00039062499999999997": 61.42983961105347, "0.00043945312499999996": 61.46675992012024}