{"0": 6854.55051779747, "2.44140625e-05": 6936.1614327430725, "4.8828125e-05": 6704.564973831177, "7.324218750000001e-05": 6746.946617126465, "9.765625e-05": 7095.084349155426, "0.0001220703125": 7083.964000463486, "0.000146484375": 6363.876976490021, "0.0001708984375": 6310.729473829269, "0.00019531249999999998": 6270.547136306763, "0.00021972656249999998": 6379.978304862976}