{"0": 70.88531541824341, "9.765625e-05": 54.67636036872864, "0.0001953125": 55.919557094573975, "0.00029296875000000004": 54.980844497680664, "0.000390625": 54.322412729263306, "0.00048828125": 57.15791416168213, "0.0005859375": 53.81103324890137, "0.00068359375": 54.16009783744812, "0.0007812499999999999": 55.15380334854126, "0.0008789062499999999": 55.674274921417236}