{"0": 100.91241216659546, "0.0001953125": 73.69410872459412, "0.000390625": 71.9425401687622, "0.0005859375000000001": 74.58645677566528, "0.00078125": 74.66710233688354, "0.0009765625": 75.19778490066528, "0.001171875": 71.96715927124023, "0.0013671875": 72.92118573188782, "0.0015624999999999999": 71.84625816345215, "0.0017578124999999998": 71.03043246269226, "0.0019531249999999998": 71.80864834785461, "0.0021484374999999997": 71.90895581245422, "0.00234375": 73.21384787559509, "0.0025390625": 71.34613490104675, "0.0027343750000000003": 70.71714615821838, "0.0029296875000000004": 71.17912817001343, "0.0031250000000000006": 71.18177342414856, "0.0033203125000000008": 72.94134140014648, "0.003515625000000001": 71.65242719650269, "0.003710937500000001": 70.95862698554993, "0.003906250000000001": 71.02368330955505, "0.004101562500000001": 70.16122841835022, "0.004296875000000001": 70.82984828948975, "0.004492187500000001": 71.3130853176117, "0.0046875000000000016": 70.21793580055237, "0.004882812500000002": 71.1459412574768, "0.005078125000000002": 70.99550676345825, "0.005273437500000002": 70.47789430618286, "0.005468750000000002": 71.53086709976196, "0.005664062500000002": 70.89988207817078, "0.005859375000000003": 70.66844987869263, "0.006054687500000003": 70.00022435188293, "0.006250000000000003": 69.89828753471375, "0.006445312500000003": 70.33533096313477, "0.006640625000000003": 69.86961650848389, "0.0068359375000000035": 70.14685201644897, "0.007031250000000004": 68.9211015701294, "0.007226562500000004": 70.37983775138855, "0.007421875000000004": 69.3137104511261, "0.007617187500000004": 70.36645317077637, "0.007812500000000003": 69.76097750663757, "0.008007812500000003": 69.95783853530884, "0.008203125000000002": 70.78910875320435, "0.008398437500000001": 70.88182973861694, "0.00859375": 71.67090630531311, "0.0087890625": 69.18757820129395, "0.008984375": 69.2026014328003, "0.009179687499999999": 70.28098034858704, "0.009374999999999998": 69.84714674949646, "0.009570312499999997": 70.93859767913818, "0.009765624999999997": 71.10786890983582, "0.009960937499999996": 69.3718330860138, "0.010156249999999995": 70.06641840934753, "0.010351562499999994": 69.50224900245667, "0.010546874999999994": 69.35671138763428, "0.010742187499999993": 70.11192321777344, "0.010937499999999992": 69.5203607082367, "0.011132812499999992": 68.93153214454651, "0.011328124999999991": 69.31657552719116, "0.01152343749999999": 70.10890483856201, "0.01171874999999999": 69.91296291351318, "0.011914062499999989": 67.22493028640747, "0.012109374999999988": 69.05694270133972, "0.012304687499999988": 69.61760997772217, "0.012499999999999987": 67.70265698432922, "0.012695312499999986": 68.54329872131348, "0.012890624999999985": 66.35133934020996, "0.013085937499999985": 67.46126818656921, "0.013281249999999984": 66.61157178878784, "0.013476562499999983": 67.43226170539856, "0.013671874999999983": 66.90811157226562, "0.013867187499999982": 67.29777908325195, "0.014062499999999981": 69.07115077972412, "0.01425781249999998": 68.39624238014221, "0.01445312499999998": 68.28105354309082, "0.01464843749999998": 70.88401699066162, "0.014843749999999978": 68.57009482383728, "0.015039062499999978": 66.23315191268921, "0.015234374999999977": 69.33862733840942, "0.015429687499999976": 65.02258658409119, "0.015624999999999976": 60.79720735549927, "0.015820312499999975": 60.337844133377075, "0.016015624999999974": 60.89642524719238, "0.016210937499999974": 59.99080967903137, "0.016406249999999973": 59.65711498260498, "0.016601562499999972": 61.56116986274719, "0.01679687499999997": 63.81391930580139, "0.01699218749999997": 63.82375502586365, "0.01718749999999997": 64.0285120010376, "0.01738281249999997": 63.179123878479004, "0.01757812499999997": 63.21152663230896, "0.017773437499999968": 64.58695769309998, "0.017968749999999967": 64.18515300750732, "0.018164062499999967": 62.71209001541138, "0.018359374999999966": 68.32400679588318, "0.018554687499999965": 64.42919301986694, "0.018749999999999965": 66.5307183265686, "0.018945312499999964": 65.50571751594543, "0.019140624999999963": 67.40171980857849, "0.019335937499999963": 66.48577857017517}