{"0": 49.97671985626221, "0.0001953125": 28.288493871688843, "0.000390625": 21.803236484527588, "0.0005859375000000001": 20.046933889389038, "0.00078125": 18.873611211776733, "0.0009765625": 18.333449602127075, "0.001171875": 18.941327571868896, "0.0013671875": 17.48800802230835, "0.0015624999999999999": 18.51923942565918, "0.0017578124999999998": 17.898446083068848, "0.0019531249999999998": 18.539175033569336, "0.0021484374999999997": 18.141021013259888, "0.00234375": 16.4765682220459, "0.0025390625": 19.38777995109558, "0.0027343750000000003": 17.397796630859375, "0.0029296875000000004": 17.383212327957153, "0.0031250000000000006": 17.828855276107788, "0.0033203125000000008": 16.798683166503906, "0.003515625000000001": 18.044386386871338, "0.003710937500000001": 17.009212493896484, "0.003906250000000001": 17.926697254180908, "0.004101562500000001": 17.26719355583191, "0.004296875000000001": 16.8922598361969, "0.004492187500000001": 17.47589898109436, "0.0046875000000000016": 16.43673825263977, "0.004882812500000002": 17.820677280426025, "0.005078125000000002": 17.873646020889282, "0.005273437500000002": 18.107645273208618, "0.005468750000000002": 17.588735342025757, "0.005664062500000002": 17.7111394405365, "0.005859375000000003": 16.945842027664185, "0.006054687500000003": 16.913413047790527, "0.006250000000000003": 18.047003030776978, "0.006445312500000003": 18.19164776802063, "0.006640625000000003": 17.55213189125061, "0.0068359375000000035": 18.83601450920105, "0.007031250000000004": 17.590026378631592, "0.007226562500000004": 18.03112554550171, "0.007421875000000004": 18.331073999404907, "0.007617187500000004": 17.41138005256653, "0.007812500000000003": 18.14367365837097, "0.008007812500000003": 17.54705047607422, "0.008203125000000002": 18.52748465538025, "0.008398437500000001": 18.354147911071777, "0.00859375": 17.323397397994995, "0.0087890625": 18.054020643234253, "0.008984375": 17.36789560317993, "0.009179687499999999": 18.435534715652466, "0.009374999999999998": 18.268368244171143, "0.009570312499999997": 17.61602282524109, "0.009765624999999997": 18.648924112319946, "0.009960937499999996": 17.576531171798706, "0.010156249999999995": 18.102091312408447, "0.010351562499999994": 17.4788920879364, "0.010546874999999994": 17.741172552108765, "0.010742187499999993": 18.499595165252686, "0.010937499999999992": 17.445899724960327, "0.011132812499999992": 17.966214895248413, "0.011328124999999991": 18.011107921600342, "0.01152343749999999": 17.908867359161377, "0.01171874999999999": 17.846202611923218, "0.011914062499999989": 17.683281421661377, "0.012109374999999988": 17.662699937820435, "0.012304687499999988": 17.41090202331543, "0.012499999999999987": 17.70424175262451, "0.012695312499999986": 17.503838062286377, "0.012890624999999985": 17.15915036201477, "0.013085937499999985": 17.394094944000244, "0.013281249999999984": 16.849472284317017, "0.013476562499999983": 17.968608140945435, "0.013671874999999983": 17.731748819351196, "0.013867187499999982": 17.42344355583191, "0.014062499999999981": 17.896465063095093, "0.01425781249999998": 16.117981910705566, "0.01445312499999998": 19.456129789352417, "0.01464843749999998": 17.72036838531494, "0.014843749999999978": 17.32740592956543, "0.015039062499999978": 16.87187957763672, "0.015234374999999977": 16.23430323600769, "0.015429687499999976": 17.365375995635986, "0.015624999999999976": 16.531509160995483, "0.015820312499999975": 17.82951331138611, "0.016015624999999974": 16.49452519416809, "0.016210937499999974": 17.227330923080444, "0.016406249999999973": 17.917643547058105, "0.016601562499999972": 16.999946117401123, "0.01679687499999997": 17.24645471572876, "0.01699218749999997": 16.316390991210938, "0.01718749999999997": 17.396438598632812, "0.01738281249999997": 16.822766065597534, "0.01757812499999997": 16.754682302474976, "0.017773437499999968": 17.1479549407959, "0.017968749999999967": 16.47021198272705, "0.018164062499999967": 17.44758629798889, "0.018359374999999966": 16.452226877212524, "0.018554687499999965": 17.506695985794067, "0.018749999999999965": 17.100412368774414, "0.018945312499999964": 17.242082357406616, "0.019140624999999963": 17.967884063720703, "0.019335937499999963": 16.24784803390503}