{"0": 62.368295669555664, "0.0001953125": 28.528330326080322, "0.000390625": 23.193921089172363, "0.0005859375000000001": 20.76986050605774, "0.00078125": 19.345661163330078, "0.0009765625": 18.115778923034668, "0.001171875": 16.525088787078857, "0.0013671875": 15.563510417938232, "0.0015624999999999999": 15.108506441116333, "0.0017578124999999998": 15.601308345794678, "0.0019531249999999998": 14.722249031066895, "0.0021484374999999997": 14.247236013412476, "0.00234375": 13.639370918273926, "0.0025390625": 14.992325067520142, "0.0027343750000000003": 13.209451913833618, "0.0029296875000000004": 13.912758111953735, "0.0031250000000000006": 14.597346544265747, "0.0033203125000000008": 14.678613901138306, "0.003515625000000001": 13.259978532791138, "0.003710937500000001": 14.301035404205322, "0.003906250000000001": 13.758459091186523, "0.004101562500000001": 13.838261604309082, "0.004296875000000001": 13.227639436721802, "0.004492187500000001": 12.790264129638672, "0.0046875000000000016": 13.777724504470825, "0.004882812500000002": 12.69490361213684, "0.005078125000000002": 13.359190940856934, "0.005273437500000002": 12.731030702590942, "0.005468750000000002": 13.186487197875977, "0.005664062500000002": 12.73475956916809, "0.005859375000000003": 12.422884941101074, "0.006054687500000003": 12.79317855834961, "0.006250000000000003": 11.946204900741577, "0.006445312500000003": 13.743584394454956, "0.006640625000000003": 12.146224737167358, "0.0068359375000000035": 12.745655536651611, "0.007031250000000004": 13.051528453826904, "0.007226562500000004": 11.93416142463684, "0.007421875000000004": 12.886132717132568, "0.007617187500000004": 11.838744878768921, "0.007812500000000003": 12.678266525268555, "0.008007812500000003": 12.89578652381897, "0.008203125000000002": 12.041240692138672, "0.008398437500000001": 12.772150993347168, "0.00859375": 12.689486980438232, "0.0087890625": 12.856587171554565, "0.008984375": 12.125462293624878, "0.009179687499999999": 12.807881116867065, "0.009374999999999998": 12.79641342163086, "0.009570312499999997": 12.637161493301392, "0.009765624999999997": 13.163140296936035, "0.009960937499999996": 12.615244626998901, "0.010156249999999995": 14.26187539100647, "0.010351562499999994": 12.76936388015747, "0.010546874999999994": 14.345903158187866, "0.010742187499999993": 12.935519456863403, "0.010937499999999992": 12.975245237350464, "0.011132812499999992": 13.700957536697388, "0.011328124999999991": 12.876225471496582, "0.01152343749999999": 14.423186540603638, "0.01171874999999999": 12.578345775604248, "0.011914062499999989": 13.91047739982605, "0.012109374999999988": 12.587262630462646, "0.012304687499999988": 13.291183948516846, "0.012499999999999987": 12.94442892074585, "0.012695312499999986": 12.158690452575684, "0.012890624999999985": 13.159792184829712, "0.013085937499999985": 12.572035074234009, "0.013281249999999984": 13.97196340560913, "0.013476562499999983": 12.110016345977783, "0.013671874999999983": 13.969562292098999, "0.013867187499999982": 12.910038471221924, "0.014062499999999981": 12.224315643310547, "0.01425781249999998": 12.989532232284546, "0.01445312499999998": 12.60066843032837, "0.01464843749999998": 12.71211862564087, "0.014843749999999978": 12.055118799209595, "0.015039062499999978": 12.848644971847534, "0.015234374999999977": 12.635748147964478, "0.015429687499999976": 12.060587167739868, "0.015624999999999976": 12.80671763420105, "0.015820312499999975": 12.024245738983154, "0.016015624999999974": 13.05540132522583, "0.016210937499999974": 12.561872243881226, "0.016406249999999973": 12.002491235733032, "0.016601562499999972": 12.064408779144287, "0.01679687499999997": 11.746354103088379, "0.01699218749999997": 13.942696571350098, "0.01718749999999997": 12.1457200050354, "0.01738281249999997": 13.924306154251099, "0.01757812499999997": 12.293413877487183, "0.017773437499999968": 12.137929916381836, "0.017968749999999967": 12.812036514282227, "0.018164062499999967": 11.764670372009277, "0.018359374999999966": 13.224978923797607, "0.018554687499999965": 12.239968538284302, "0.018749999999999965": 11.997134923934937, "0.018945312499999964": 12.77360725402832, "0.019140624999999963": 12.019336223602295, "0.019335937499999963": 13.044644832611084}