{"0": 56.549882888793945, "0.0001953125": 43.548948764801025, "0.000390625": 39.52225661277771, "0.0005859375000000001": 39.65372967720032, "0.00078125": 38.93179702758789, "0.0009765625": 39.44155836105347, "0.001171875": 38.778727769851685, "0.0013671875": 40.61544370651245, "0.0015624999999999999": 37.610329151153564, "0.0017578124999999998": 37.92905282974243, "0.0019531249999999998": 37.00746464729309, "0.0021484374999999997": 37.50357365608215, "0.00234375": 36.31660985946655, "0.0025390625": 35.911890268325806, "0.0027343750000000003": 37.613290786743164, "0.0029296875000000004": 39.1539044380188, "0.0031250000000000006": 39.215612173080444, "0.0033203125000000008": 36.916544914245605, "0.003515625000000001": 36.822590589523315, "0.003710937500000001": 36.235076665878296, "0.003906250000000001": 36.09609603881836, "0.004101562500000001": 36.20170879364014, "0.004296875000000001": 36.571006536483765, "0.004492187500000001": 37.805232763290405, "0.0046875000000000016": 36.15738296508789, "0.004882812500000002": 36.46809911727905, "0.005078125000000002": 36.81519436836243, "0.005273437500000002": 35.476280212402344, "0.005468750000000002": 36.9499077796936, "0.005664062500000002": 36.24205780029297, "0.005859375000000003": 35.469558238983154, "0.006054687500000003": 36.86291861534119, "0.006250000000000003": 36.19297933578491, "0.006445312500000003": 36.962241888046265, "0.006640625000000003": 36.01599955558777, "0.0068359375000000035": 36.67916417121887, "0.007031250000000004": 37.122227907180786, "0.007226562500000004": 36.79316759109497, "0.007421875000000004": 36.89328908920288, "0.007617187500000004": 37.00741672515869, "0.007812500000000003": 35.386229038238525, "0.008007812500000003": 36.55225586891174, "0.008203125000000002": 37.39340281486511, "0.008398437500000001": 35.74695920944214, "0.00859375": 34.74092960357666, "0.0087890625": 35.16977787017822, "0.008984375": 36.275389671325684, "0.009179687499999999": 36.907222509384155, "0.009374999999999998": 34.84058141708374, "0.009570312499999997": 36.84303951263428, "0.009765624999999997": 36.11285066604614, "0.009960937499999996": 37.18049621582031, "0.010156249999999995": 44.389503717422485, "0.010351562499999994": 44.83356690406799, "0.010546874999999994": 44.98665142059326, "0.010742187499999993": 41.481910943984985, "0.010937499999999992": 40.8707537651062, "0.011132812499999992": 38.24801206588745, "0.011328124999999991": 39.161866903305054, "0.01152343749999999": 40.989086866378784, "0.01171874999999999": 39.91389584541321, "0.011914062499999989": 38.54493498802185, "0.012109374999999988": 39.97629928588867, "0.012304687499999988": 37.70534348487854, "0.012499999999999987": 38.44568634033203, "0.012695312499999986": 39.86980438232422, "0.012890624999999985": 40.56741189956665, "0.013085937499999985": 39.44677448272705, "0.013281249999999984": 40.25481843948364, "0.013476562499999983": 39.415372371673584, "0.013671874999999983": 41.20635485649109, "0.013867187499999982": 40.536914348602295, "0.014062499999999981": 39.94488859176636, "0.01425781249999998": 39.79246282577515, "0.01445312499999998": 40.84646773338318, "0.01464843749999998": 41.232391119003296, "0.014843749999999978": 40.513516902923584, "0.015039062499999978": 39.21843910217285, "0.015234374999999977": 41.258909702301025, "0.015429687499999976": 40.09682559967041, "0.015624999999999976": 40.34803581237793, "0.015820312499999975": 41.60139536857605, "0.016015624999999974": 37.24718713760376, "0.016210937499999974": 37.1011848449707, "0.016406249999999973": 37.013179779052734, "0.016601562499999972": 37.428619623184204, "0.01679687499999997": 37.48665428161621, "0.01699218749999997": 38.52498960494995, "0.01718749999999997": 37.87676644325256, "0.01738281249999997": 40.27205777168274, "0.01757812499999997": 39.840599060058594, "0.017773437499999968": 40.50082468986511, "0.017968749999999967": 40.646568059921265, "0.018164062499999967": 41.21143412590027, "0.018359374999999966": 40.88338017463684, "0.018554687499999965": 41.30994987487793, "0.018749999999999965": 39.41353416442871, "0.018945312499999964": 40.161351680755615, "0.019140624999999963": 39.373844385147095, "0.019335937499999963": 40.95849537849426}