{"0": 63.087305784225464, "0.0001953125": 22.20234727859497, "0.000390625": 16.61020040512085, "0.0005859375000000001": 16.389473915100098, "0.00078125": 14.153571844100952, "0.0009765625": 15.832165002822876, "0.001171875": 14.276435613632202, "0.0013671875": 15.337581396102905, "0.0015624999999999999": 14.5194571018219, "0.0017578124999999998": 14.91704249382019, "0.0019531249999999998": 13.370856523513794, "0.0021484374999999997": 13.835520505905151, "0.00234375": 13.90387225151062, "0.0025390625": 14.091336250305176, "0.0027343750000000003": 13.663724899291992, "0.0029296875000000004": 13.84923505783081, "0.0031250000000000006": 14.342128992080688, "0.0033203125000000008": 12.91750168800354, "0.003515625000000001": 14.092411041259766, "0.003710937500000001": 12.915489912033081, "0.003906250000000001": 14.677674293518066, "0.004101562500000001": 13.36822247505188, "0.004296875000000001": 14.380690336227417, "0.004492187500000001": 13.528851747512817, "0.0046875000000000016": 14.46637511253357, "0.004882812500000002": 13.32455849647522, "0.005078125000000002": 14.327913999557495, "0.005273437500000002": 14.126837253570557, "0.005468750000000002": 13.98783254623413, "0.005664062500000002": 14.147563219070435, "0.005859375000000003": 12.736685037612915, "0.006054687500000003": 14.236913442611694, "0.006250000000000003": 13.121856451034546, "0.006445312500000003": 13.973134994506836, "0.006640625000000003": 13.143036127090454, "0.0068359375000000035": 14.407070875167847, "0.007031250000000004": 12.712896585464478, "0.007226562500000004": 13.115708827972412, "0.007421875000000004": 12.70562744140625, "0.007617187500000004": 13.701096057891846, "0.007812500000000003": 13.229555130004883, "0.008007812500000003": 13.039513349533081, "0.008203125000000002": 14.005428314208984, "0.008398437500000001": 12.766228437423706, "0.00859375": 13.862632036209106, "0.0087890625": 12.970195531845093, "0.008984375": 14.509586334228516, "0.009179687499999999": 13.23953366279602, "0.009374999999999998": 13.736128330230713, "0.009570312499999997": 13.383374214172363, "0.009765624999999997": 12.880057096481323, "0.009960937499999996": 14.020508527755737, "0.010156249999999995": 12.944568157196045, "0.010351562499999994": 14.065882921218872, "0.010546874999999994": 12.833585262298584, "0.010742187499999993": 13.575897455215454, "0.010937499999999992": 13.204452991485596, "0.011132812499999992": 13.302583694458008, "0.011328124999999991": 13.132903337478638, "0.01152343749999999": 13.519130945205688, "0.01171874999999999": 13.809857606887817, "0.011914062499999989": 13.24691653251648, "0.012109374999999988": 14.752426147460938, "0.012304687499999988": 13.006842374801636, "0.012499999999999987": 14.717768907546997, "0.012695312499999986": 12.629617929458618, "0.012890624999999985": 14.7389395236969, "0.013085937499999985": 13.136757612228394, "0.013281249999999984": 13.07620644569397, "0.013476562499999983": 14.119256734848022, "0.013671874999999983": 13.152438402175903, "0.013867187499999982": 14.781393766403198, "0.014062499999999981": 13.004102230072021, "0.01425781249999998": 14.961939096450806, "0.01445312499999998": 12.867137432098389, "0.01464843749999998": 14.866852283477783, "0.014843749999999978": 13.29112958908081, "0.015039062499999978": 14.320432901382446, "0.015234374999999977": 12.762188196182251, "0.015429687499999976": 13.402726888656616, "0.015624999999999976": 13.524439811706543, "0.015820312499999975": 12.887861490249634, "0.016015624999999974": 13.26426649093628, "0.016210937499999974": 13.477044105529785, "0.016406249999999973": 14.374428987503052, "0.016601562499999972": 14.542779922485352, "0.01679687499999997": 13.773860692977905, "0.01699218749999997": 13.172159671783447, "0.01718749999999997": 14.119285583496094, "0.01738281249999997": 13.07017207145691, "0.01757812499999997": 13.84834361076355, "0.017773437499999968": 14.183968782424927, "0.017968749999999967": 12.761293411254883, "0.018164062499999967": 13.267135620117188, "0.018359374999999966": 12.899320602416992, "0.018554687499999965": 13.598326921463013, "0.018749999999999965": 12.55243444442749, "0.018945312499999964": 15.09923243522644, "0.019140624999999963": 12.95887541770935, "0.019335937499999963": 13.436612844467163}