{"0": 389.3533012866974, "0.0001953125": 312.5028786659241, "0.000390625": 307.51743245124817, "0.0005859375000000001": 307.4585816860199, "0.00078125": 307.6867730617523, "0.0009765625": 304.15405225753784, "0.001171875": 304.535849571228, "0.0013671875": 303.7289001941681, "0.0015624999999999999": 305.5689494609833, "0.0017578124999999998": 304.1531813144684, "0.0019531249999999998": 305.8013708591461, "0.0021484374999999997": 303.86004185676575, "0.00234375": 301.5970232486725, "0.0025390625": 303.2082931995392, "0.0027343750000000003": 303.79644441604614, "0.0029296875000000004": 302.47832798957825, "0.0031250000000000006": 303.5116853713989, "0.0033203125000000008": 303.1516559123993, "0.003515625000000001": 303.19642186164856, "0.003710937500000001": 304.95375180244446, "0.003906250000000001": 303.75668001174927, "0.004101562500000001": 302.14546608924866, "0.004296875000000001": 303.13558411598206, "0.004492187500000001": 304.5935785770416, "0.0046875000000000016": 306.1248211860657, "0.004882812500000002": 305.60365629196167, "0.005078125000000002": 305.49896144866943, "0.005273437500000002": 307.58530831336975, "0.005468750000000002": 307.5008153915405, "0.005664062500000002": 304.9688138961792, "0.005859375000000003": 305.7529036998749, "0.006054687500000003": 307.37745475769043, "0.006250000000000003": 305.72055745124817, "0.006445312500000003": 305.33724761009216, "0.006640625000000003": 305.8425121307373, "0.0068359375000000035": 306.18900299072266, "0.007031250000000004": 307.42172598838806, "0.007226562500000004": 306.48546385765076, "0.007421875000000004": 307.9147615432739, "0.007617187500000004": 308.44829773902893, "0.007812500000000003": 308.4877197742462, "0.008007812500000003": 309.0638201236725, "0.008203125000000002": 309.2556884288788, "0.008398437500000001": 308.89575815200806, "0.00859375": 309.3553693294525, "0.0087890625": 310.4177460670471, "0.008984375": 309.5332775115967, "0.009179687499999999": 310.7506241798401, "0.009374999999999998": 313.22581696510315, "0.009570312499999997": 311.73769187927246, "0.009765624999999997": 310.36085414886475, "0.009960937499999996": 308.1343035697937, "0.010156249999999995": 309.57987427711487, "0.010351562499999994": 310.2386705875397, "0.010546874999999994": 312.2287039756775, "0.010742187499999993": 311.8058249950409, "0.010937499999999992": 311.9166145324707, "0.011132812499999992": 312.6357276439667, "0.011328124999999991": 310.76354241371155, "0.01152343749999999": 310.9219608306885, "0.01171874999999999": 311.7205927371979, "0.011914062499999989": 310.7808780670166, "0.012109374999999988": 312.63226890563965, "0.012304687499999988": 313.30089044570923, "0.012499999999999987": 311.99682331085205, "0.012695312499999986": 311.22436928749084, "0.012890624999999985": 311.45735239982605, "0.013085937499999985": 311.4730541706085, "0.013281249999999984": 312.6486134529114, "0.013476562499999983": 312.4257140159607, "0.013671874999999983": 311.8293948173523, "0.013867187499999982": 310.990727186203, "0.014062499999999981": 312.9886555671692, "0.01425781249999998": 300.4172306060791, "0.01445312499999998": 300.20439529418945, "0.01464843749999998": 300.1361322402954, "0.014843749999999978": 299.6995782852173, "0.015039062499999978": 299.20122385025024, "0.015234374999999977": 300.66424107551575, "0.015429687499999976": 300.13988971710205, "0.015624999999999976": 299.1055052280426, "0.015820312499999975": 300.8796532154083, "0.016015624999999974": 301.0546305179596, "0.016210937499999974": 301.0674076080322, "0.016406249999999973": 300.555456161499, "0.016601562499999972": 300.9490065574646, "0.01679687499999997": 300.06098985671997, "0.01699218749999997": 311.5802164077759, "0.01718749999999997": 311.65807819366455, "0.01738281249999997": 313.5729784965515, "0.01757812499999997": 313.1132879257202, "0.017773437499999968": 310.5007903575897, "0.017968749999999967": 309.3079216480255, "0.018164062499999967": 308.32666516304016, "0.018359374999999966": 309.54942893981934, "0.018554687499999965": 309.32791352272034, "0.018749999999999965": 309.15906953811646, "0.018945312499999964": 309.4306330680847, "0.019140624999999963": 310.5693919658661, "0.019335937499999963": 309.0467619895935}