{"0": 50.621416091918945, "0.0001953125": 27.148149251937866, "0.000390625": 21.362078189849854, "0.0005859375000000001": 19.320663928985596, "0.00078125": 18.934844493865967, "0.0009765625": 17.007209539413452, "0.001171875": 17.742198705673218, "0.0013671875": 17.93552851676941, "0.0015624999999999999": 17.85783863067627, "0.0017578124999999998": 18.767186641693115, "0.0019531249999999998": 18.178647994995117, "0.0021484374999999997": 18.040327072143555, "0.00234375": 17.14312767982483, "0.0025390625": 17.204585075378418, "0.0027343750000000003": 18.246000051498413, "0.0029296875000000004": 17.419105052947998, "0.0031250000000000006": 17.858277082443237, "0.0033203125000000008": 17.70585536956787, "0.003515625000000001": 18.156343698501587, "0.003710937500000001": 18.832462787628174, "0.003906250000000001": 17.475462198257446, "0.004101562500000001": 18.077709674835205, "0.004296875000000001": 17.480915546417236, "0.004492187500000001": 18.252089023590088, "0.0046875000000000016": 18.640729188919067, "0.004882812500000002": 17.49450707435608, "0.005078125000000002": 17.977498292922974, "0.005273437500000002": 18.129770278930664, "0.005468750000000002": 18.40819549560547, "0.005664062500000002": 18.683831214904785, "0.005859375000000003": 17.59773349761963, "0.006054687500000003": 18.02937912940979, "0.006250000000000003": 18.411794900894165, "0.006445312500000003": 18.27535915374756, "0.006640625000000003": 19.00067377090454, "0.0068359375000000035": 17.54306197166443, "0.007031250000000004": 18.061275720596313, "0.007226562500000004": 18.234837532043457, "0.007421875000000004": 17.7894184589386, "0.007617187500000004": 18.34093403816223, "0.007812500000000003": 17.301023244857788, "0.008007812500000003": 18.602625131607056, "0.008203125000000002": 18.26827383041382, "0.008398437500000001": 18.31428813934326, "0.00859375": 18.18460750579834, "0.0087890625": 17.91701889038086, "0.008984375": 18.897358894348145, "0.009179687499999999": 18.691750049591064, "0.009374999999999998": 17.745694160461426, "0.009570312499999997": 18.160244941711426, "0.009765624999999997": 17.914175271987915, "0.009960937499999996": 18.914608478546143, "0.010156249999999995": 19.18759250640869, "0.010351562499999994": 17.975032329559326, "0.010546874999999994": 18.33757996559143, "0.010742187499999993": 17.94079065322876, "0.010937499999999992": 17.835503578186035, "0.011132812499999992": 19.077895879745483, "0.011328124999999991": 17.1711585521698, "0.01152343749999999": 17.847673177719116, "0.01171874999999999": 18.17644691467285, "0.011914062499999989": 17.977592706680298, "0.012109374999999988": 19.03194499015808, "0.012304687499999988": 17.439756393432617, "0.012499999999999987": 17.866998195648193, "0.012695312499999986": 18.057615518569946, "0.012890624999999985": 18.336581468582153, "0.013085937499999985": 18.655495166778564, "0.013281249999999984": 17.35013222694397, "0.013476562499999983": 17.73710799217224, "0.013671874999999983": 18.502442121505737, "0.013867187499999982": 17.830934762954712, "0.014062499999999981": 18.544687032699585, "0.01425781249999998": 17.40078091621399, "0.01445312499999998": 19.006418704986572, "0.01464843749999998": 18.312968254089355, "0.014843749999999978": 18.16685461997986, "0.015039062499999978": 18.121806383132935, "0.015234374999999977": 17.965354204177856, "0.015429687499999976": 17.93865942955017, "0.015624999999999976": 17.879508018493652, "0.015820312499999975": 17.814344882965088, "0.016015624999999974": 18.140615701675415, "0.016210937499999974": 17.085328578948975, "0.016406249999999973": 18.968284845352173, "0.016601562499999972": 18.061105489730835, "0.01679687499999997": 17.6339852809906, "0.01699218749999997": 18.141520261764526, "0.01718749999999997": 17.509089469909668, "0.01738281249999997": 18.413623094558716, "0.01757812499999997": 18.241236686706543, "0.017773437499999968": 18.054158449172974, "0.017968749999999967": 18.0985848903656, "0.018164062499999967": 17.42296838760376, "0.018359374999999966": 18.589028358459473, "0.018554687499999965": 18.22877526283264, "0.018749999999999965": 17.446852684020996, "0.018945312499999964": 18.25764513015747, "0.019140624999999963": 18.060062170028687, "0.019335937499999963": 18.315744161605835}