{"0": 249.39612483978271, "0.0001953125": 196.17797470092773, "0.000390625": 194.85008144378662, "0.0005859375000000001": 191.74405026435852, "0.00078125": 190.03037118911743, "0.0009765625": 192.15929412841797, "0.001171875": 190.96044397354126, "0.0013671875": 190.79864621162415, "0.0015624999999999999": 191.68192887306213, "0.0017578124999999998": 189.6233561038971, "0.0019531249999999998": 189.32606101036072, "0.0021484374999999997": 189.2130160331726, "0.00234375": 189.7348268032074, "0.0025390625": 188.9929211139679, "0.0027343750000000003": 187.64405918121338, "0.0029296875000000004": 188.37906336784363, "0.0031250000000000006": 190.8088231086731, "0.0033203125000000008": 189.7958424091339, "0.003515625000000001": 189.33349657058716, "0.003710937500000001": 189.3175528049469, "0.003906250000000001": 187.71067190170288, "0.004101562500000001": 186.75772666931152, "0.004296875000000001": 188.9280023574829, "0.004492187500000001": 187.24781489372253, "0.0046875000000000016": 188.34806895256042, "0.004882812500000002": 189.29296779632568, "0.005078125000000002": 188.3697681427002, "0.005273437500000002": 188.57464218139648, "0.005468750000000002": 187.5669846534729, "0.005664062500000002": 186.6344861984253, "0.005859375000000003": 186.39217400550842, "0.006054687500000003": 188.66025686264038, "0.006250000000000003": 188.04869723320007, "0.006445312500000003": 187.53977274894714, "0.006640625000000003": 188.0387601852417, "0.0068359375000000035": 188.30715990066528, "0.007031250000000004": 191.06111979484558, "0.007226562500000004": 187.01257014274597, "0.007421875000000004": 187.67073035240173, "0.007617187500000004": 184.83633017539978, "0.007812500000000003": 186.56078672409058, "0.008007812500000003": 186.71064567565918, "0.008203125000000002": 185.6426773071289, "0.008398437500000001": 185.4793312549591, "0.00859375": 186.50506854057312, "0.0087890625": 186.74316501617432, "0.008984375": 186.94857811927795, "0.009179687499999999": 185.90052127838135, "0.009374999999999998": 184.8371274471283, "0.009570312499999997": 185.4711651802063, "0.009765624999999997": 187.48684906959534, "0.009960937499999996": 185.85183238983154, "0.010156249999999995": 185.8410451412201, "0.010351562499999994": 184.75829577445984, "0.010546874999999994": 187.42875504493713, "0.010742187499999993": 186.719486951828, "0.010937499999999992": 186.29544067382812, "0.011132812499999992": 188.71855902671814, "0.011328124999999991": 188.6275291442871, "0.01152343749999999": 186.71769046783447, "0.01171874999999999": 187.07116889953613, "0.011914062499999989": 186.65109992027283, "0.012109374999999988": 187.13594102859497, "0.012304687499999988": 188.32159423828125, "0.012499999999999987": 187.72524189949036, "0.012695312499999986": 187.858384847641, "0.012890624999999985": 187.33057761192322, "0.013085937499999985": 190.38073754310608, "0.013281249999999984": 188.27694535255432, "0.013476562499999983": 188.27455878257751, "0.013671874999999983": 186.37593698501587, "0.013867187499999982": 186.35123944282532, "0.014062499999999981": 187.02777433395386, "0.01425781249999998": 188.6674952507019, "0.01445312499999998": 188.25656008720398, "0.01464843749999998": 187.2113001346588, "0.014843749999999978": 189.209055185318, "0.015039062499999978": 182.2706217765808, "0.015234374999999977": 180.93405652046204, "0.015429687499999976": 182.4057297706604, "0.015624999999999976": 180.03537464141846, "0.015820312499999975": 182.2626085281372, "0.016015624999999974": 182.82414436340332, "0.016210937499999974": 181.2827432155609, "0.016406249999999973": 183.5107457637787, "0.016601562499999972": 183.1567578315735, "0.01679687499999997": 183.53938484191895, "0.01699218749999997": 183.3856897354126, "0.01718749999999997": 183.52484822273254, "0.01738281249999997": 182.8922324180603, "0.01757812499999997": 184.60803294181824, "0.017773437499999968": 185.22738814353943, "0.017968749999999967": 183.8557848930359, "0.018164062499999967": 183.4481897354126, "0.018359374999999966": 182.40879654884338, "0.018554687499999965": 189.15056085586548, "0.018749999999999965": 190.72192430496216, "0.018945312499999964": 189.69888520240784, "0.019140624999999963": 188.6225085258484, "0.019335937499999963": 190.16891932487488}