{"0": 47.30201268196106, "0.0001953125": 30.698068141937256, "0.000390625": 23.85871720314026, "0.0005859375000000001": 23.382145166397095, "0.00078125": 22.82270884513855, "0.0009765625": 22.975013494491577, "0.001171875": 21.5384418964386, "0.0013671875": 22.193169832229614, "0.0015624999999999999": 22.429388999938965, "0.0017578124999999998": 21.374639987945557, "0.0019531249999999998": 20.495863676071167, "0.0021484374999999997": 21.83798861503601, "0.00234375": 20.78731417655945, "0.0025390625": 20.19471287727356, "0.0027343750000000003": 20.668503999710083, "0.0029296875000000004": 21.200862169265747, "0.0031250000000000006": 19.98521661758423, "0.0033203125000000008": 21.141791343688965, "0.003515625000000001": 20.88203525543213, "0.003710937500000001": 20.08892273902893, "0.003906250000000001": 20.569875478744507, "0.004101562500000001": 20.44729518890381, "0.004296875000000001": 20.691333293914795, "0.004492187500000001": 20.65770983695984, "0.0046875000000000016": 20.322271823883057, "0.004882812500000002": 20.09940791130066, "0.005078125000000002": 20.27246880531311, "0.005273437500000002": 20.394405841827393, "0.005468750000000002": 21.46542763710022, "0.005664062500000002": 20.64709186553955, "0.005859375000000003": 20.99783992767334, "0.006054687500000003": 20.940561532974243, "0.006250000000000003": 20.30042004585266, "0.006445312500000003": 20.856577157974243, "0.006640625000000003": 20.290364503860474, "0.0068359375000000035": 19.589946746826172, "0.007031250000000004": 21.126647233963013, "0.007226562500000004": 21.455703735351562, "0.007421875000000004": 20.36732816696167, "0.007617187500000004": 21.011022329330444, "0.007812500000000003": 21.47493052482605, "0.008007812500000003": 19.952633380889893, "0.008203125000000002": 20.8863844871521, "0.008398437500000001": 21.2246036529541, "0.00859375": 21.35264229774475, "0.0087890625": 19.54166293144226, "0.008984375": 21.294729709625244, "0.009179687499999999": 20.944546937942505, "0.009374999999999998": 19.790908336639404, "0.009570312499999997": 21.36685013771057, "0.009765624999999997": 20.74954080581665, "0.009960937499999996": 20.562541961669922, "0.010156249999999995": 21.056945085525513, "0.010351562499999994": 21.016738891601562, "0.010546874999999994": 21.600382089614868, "0.010742187499999993": 20.328574657440186, "0.010937499999999992": 21.311025619506836, "0.011132812499999992": 20.815130472183228, "0.011328124999999991": 20.031066417694092, "0.01152343749999999": 20.27917170524597, "0.01171874999999999": 21.003780126571655, "0.011914062499999989": 20.212753534317017, "0.012109374999999988": 21.32664179801941, "0.012304687499999988": 21.418262004852295, "0.012499999999999987": 20.103742361068726, "0.012695312499999986": 21.155831336975098, "0.012890624999999985": 20.97137188911438, "0.013085937499999985": 21.154536724090576, "0.013281249999999984": 20.875816583633423, "0.013476562499999983": 20.658045768737793, "0.013671874999999983": 21.131592750549316, "0.013867187499999982": 19.722275495529175, "0.014062499999999981": 20.8805251121521, "0.01425781249999998": 21.302614212036133, "0.01445312499999998": 20.38461422920227, "0.01464843749999998": 21.47590208053589, "0.014843749999999978": 21.048753023147583, "0.015039062499999978": 20.243754625320435, "0.015234374999999977": 20.674679040908813, "0.015429687499999976": 20.451623678207397, "0.015624999999999976": 20.92724871635437, "0.015820312499999975": 19.74769115447998, "0.016015624999999974": 21.354626655578613, "0.016210937499999974": 20.91574478149414, "0.016406249999999973": 20.246150970458984, "0.016601562499999972": 21.190826892852783, "0.01679687499999997": 21.27363085746765, "0.01699218749999997": 20.664971828460693, "0.01718749999999997": 20.855101585388184, "0.01738281249999997": 21.1864972114563, "0.01757812499999997": 20.23313546180725, "0.017773437499999968": 20.611415147781372, "0.017968749999999967": 22.16905403137207, "0.018164062499999967": 23.656676769256592, "0.018359374999999966": 25.078792333602905, "0.018554687499999965": 22.937751293182373, "0.018749999999999965": 23.351857662200928, "0.018945312499999964": 22.88418674468994, "0.019140624999999963": 22.48189353942871, "0.019335937499999963": 23.562514543533325}