{"0": 49.513033390045166, "0.0001953125": 28.524571418762207, "0.000390625": 22.816685438156128, "0.0005859375000000001": 20.780442714691162, "0.00078125": 20.26694083213806, "0.0009765625": 19.515116453170776, "0.001171875": 19.154289484024048, "0.0013671875": 19.27765154838562, "0.0015624999999999999": 19.135762453079224, "0.0017578124999999998": 19.318910121917725, "0.0019531249999999998": 19.520671844482422, "0.0021484374999999997": 18.67779231071472, "0.00234375": 18.927980661392212, "0.0025390625": 18.980870962142944, "0.0027343750000000003": 18.136293649673462, "0.0029296875000000004": 18.53716516494751, "0.0031250000000000006": 18.33528971672058, "0.0033203125000000008": 18.383786916732788, "0.003515625000000001": 18.435985326766968, "0.003710937500000001": 18.237638473510742, "0.003906250000000001": 19.53823947906494, "0.004101562500000001": 19.542749643325806, "0.004296875000000001": 18.28651714324951, "0.004492187500000001": 19.47799301147461, "0.0046875000000000016": 18.969226598739624, "0.004882812500000002": 18.325512170791626, "0.005078125000000002": 19.33251452445984, "0.005273437500000002": 17.56858730316162, "0.005468750000000002": 19.029082775115967, "0.005664062500000002": 19.02041506767273, "0.005859375000000003": 18.10818338394165, "0.006054687500000003": 18.93986940383911, "0.006250000000000003": 17.99639081954956, "0.006445312500000003": 18.81101655960083, "0.006640625000000003": 18.521488904953003, "0.0068359375000000035": 18.199028253555298, "0.007031250000000004": 18.91262912750244, "0.007226562500000004": 19.432079553604126, "0.007421875000000004": 18.55182409286499, "0.007617187500000004": 19.03393054008484, "0.007812500000000003": 17.588801860809326, "0.008007812500000003": 18.60342574119568, "0.008203125000000002": 19.38453769683838, "0.008398437500000001": 17.91127848625183, "0.00859375": 19.134631633758545, "0.0087890625": 18.926985263824463, "0.008984375": 18.434069633483887, "0.009179687499999999": 19.264859676361084, "0.009374999999999998": 18.198378562927246, "0.009570312499999997": 19.704892873764038, "0.009765624999999997": 19.306325912475586, "0.009960937499999996": 18.058377981185913, "0.010156249999999995": 18.909773111343384, "0.010351562499999994": 18.534343481063843, "0.010546874999999994": 18.018749713897705, "0.010742187499999993": 19.30722427368164, "0.010937499999999992": 18.618852853775024, "0.011132812499999992": 18.5242018699646, "0.011328124999999991": 19.730995416641235, "0.01152343749999999": 18.127753973007202, "0.01171874999999999": 19.61001968383789, "0.011914062499999989": 18.28033208847046, "0.012109374999999988": 18.50053095817566, "0.012304687499999988": 18.887872219085693, "0.012499999999999987": 18.33693289756775, "0.012695312499999986": 19.337709665298462, "0.012890624999999985": 19.164775848388672, "0.013085937499999985": 18.633172035217285, "0.013281249999999984": 18.816253900527954, "0.013476562499999983": 18.450805187225342, "0.013671874999999983": 18.446669816970825, "0.013867187499999982": 19.70002555847168, "0.014062499999999981": 17.903597354888916, "0.01425781249999998": 18.55990743637085, "0.01445312499999998": 18.503490924835205, "0.01464843749999998": 17.785318851470947, "0.014843749999999978": 18.896214723587036, "0.015039062499999978": 18.02742052078247, "0.015234374999999977": 19.16276788711548, "0.015429687499999976": 18.328383207321167, "0.015624999999999976": 17.609331130981445, "0.015820312499999975": 18.82848882675171, "0.016015624999999974": 18.570966482162476, "0.016210937499999974": 18.997020483016968, "0.016406249999999973": 20.309252977371216, "0.016601562499999972": 18.137492656707764, "0.01679687499999997": 18.712741374969482, "0.01699218749999997": 18.930953979492188, "0.01718749999999997": 17.7675564289093, "0.01738281249999997": 18.111025094985962, "0.01757812499999997": 17.894928693771362, "0.017773437499999968": 19.295551776885986, "0.017968749999999967": 18.384917736053467, "0.018164062499999967": 17.884975910186768, "0.018359374999999966": 18.494303464889526, "0.018554687499999965": 19.228283643722534, "0.018749999999999965": 18.410242557525635, "0.018945312499999964": 19.178459405899048, "0.019140624999999963": 19.465455770492554, "0.019335937499999963": 17.92129111289978}