{"0": 160.0554485321045, "0.0001953125": 115.86180567741394, "0.000390625": 107.77401566505432, "0.0005859375000000001": 105.92682552337646, "0.00078125": 118.81042695045471, "0.0009765625": 115.33936166763306, "0.001171875": 103.7719030380249, "0.0013671875": 103.77504563331604, "0.0015624999999999999": 102.16530919075012, "0.0017578124999999998": 104.03377676010132, "0.0019531249999999998": 101.54386448860168, "0.0021484374999999997": 102.83680963516235, "0.00234375": 101.76164650917053, "0.0025390625": 102.15056991577148, "0.0027343750000000003": 101.9628164768219, "0.0029296875000000004": 101.05815505981445, "0.0031250000000000006": 109.30246043205261, "0.0033203125000000008": 112.5543737411499, "0.003515625000000001": 110.7617199420929, "0.003710937500000001": 115.43213510513306, "0.003906250000000001": 109.59859824180603, "0.004101562500000001": 109.8502550125122, "0.004296875000000001": 110.22041463851929, "0.004492187500000001": 109.01038265228271, "0.0046875000000000016": 106.48248314857483, "0.004882812500000002": 108.67086601257324, "0.005078125000000002": 104.79972219467163, "0.005273437500000002": 105.05989146232605, "0.005468750000000002": 106.97387981414795, "0.005664062500000002": 106.54481863975525, "0.005859375000000003": 104.25275921821594, "0.006054687500000003": 101.32347774505615, "0.006250000000000003": 101.0833044052124, "0.006445312500000003": 107.96013855934143, "0.006640625000000003": 105.18529796600342, "0.0068359375000000035": 106.73486685752869, "0.007031250000000004": 105.02743220329285, "0.007226562500000004": 104.41045570373535, "0.007421875000000004": 106.75344133377075, "0.007617187500000004": 106.58411240577698, "0.007812500000000003": 105.64304232597351, "0.008007812500000003": 105.71887278556824, "0.008203125000000002": 102.6969804763794, "0.008398437500000001": 104.89937710762024, "0.00859375": 105.87781023979187, "0.0087890625": 104.16887021064758, "0.008984375": 101.4490134716034, "0.009179687499999999": 103.99416518211365, "0.009374999999999998": 104.87295746803284, "0.009570312499999997": 105.4007203578949, "0.009765624999999997": 104.37835311889648, "0.009960937499999996": 104.34505033493042, "0.010156249999999995": 103.27202296257019, "0.010351562499999994": 106.45290184020996, "0.010546874999999994": 102.59983396530151, "0.010742187499999993": 105.4562304019928, "0.010937499999999992": 103.32414245605469, "0.011132812499999992": 104.5003273487091, "0.011328124999999991": 102.66912508010864, "0.01152343749999999": 104.06378698348999, "0.01171874999999999": 104.3664333820343, "0.011914062499999989": 103.36153149604797, "0.012109374999999988": 103.84438514709473, "0.012304687499999988": 105.56060695648193, "0.012499999999999987": 104.35661029815674, "0.012695312499999986": 102.34369587898254, "0.012890624999999985": 104.52998352050781, "0.013085937499999985": 103.80135726928711, "0.013281249999999984": 104.52705264091492, "0.013476562499999983": 102.81962585449219, "0.013671874999999983": 103.1331205368042, "0.013867187499999982": 106.08269810676575, "0.014062499999999981": 104.92989826202393, "0.01425781249999998": 101.92945694923401, "0.01445312499999998": 103.74420952796936, "0.01464843749999998": 104.14419794082642, "0.014843749999999978": 102.5167064666748, "0.015039062499999978": 102.93139243125916, "0.015234374999999977": 103.83522081375122, "0.015429687499999976": 104.72123289108276, "0.015624999999999976": 103.56340742111206, "0.015820312499999975": 104.32910323143005, "0.016015624999999974": 103.16096353530884, "0.016210937499999974": 105.50050044059753, "0.016406249999999973": 105.21210479736328, "0.016601562499999972": 103.92638349533081, "0.01679687499999997": 103.98775148391724, "0.01699218749999997": 102.36955332756042, "0.01718749999999997": 104.24933552742004, "0.01738281249999997": 103.43666124343872, "0.01757812499999997": 104.44786500930786, "0.017773437499999968": 102.11845374107361, "0.017968749999999967": 99.37601256370544, "0.018164062499999967": 98.58070635795593, "0.018359374999999966": 100.6691026687622, "0.018554687499999965": 100.45863366127014, "0.018749999999999965": 99.07112169265747, "0.018945312499999964": 100.1828248500824, "0.019140624999999963": 101.33000254631042, "0.019335937499999963": 99.8701000213623}