{"0": 340.1260201931, "0.0001953125": 270.74234199523926, "0.000390625": 266.793829202652, "0.0005859375000000001": 264.85168862342834, "0.00078125": 264.6367177963257, "0.0009765625": 265.6530418395996, "0.001171875": 263.3022711277008, "0.0013671875": 263.85773611068726, "0.0015624999999999999": 262.3478810787201, "0.0017578124999999998": 262.06636595726013, "0.0019531249999999998": 261.3382294178009, "0.0021484374999999997": 261.39817452430725, "0.00234375": 262.2493245601654, "0.0025390625": 261.06144094467163, "0.0027343750000000003": 262.7861535549164, "0.0029296875000000004": 261.88044595718384, "0.0031250000000000006": 261.2556416988373, "0.0033203125000000008": 262.74119448661804, "0.003515625000000001": 261.1774251461029, "0.003710937500000001": 262.2314040660858, "0.003906250000000001": 260.8938868045807, "0.004101562500000001": 261.73921155929565, "0.004296875000000001": 264.1877613067627, "0.004492187500000001": 263.4730944633484, "0.0046875000000000016": 263.56436252593994, "0.004882812500000002": 259.2012994289398, "0.005078125000000002": 259.48746705055237, "0.005273437500000002": 259.3094835281372, "0.005468750000000002": 259.08320212364197, "0.005664062500000002": 260.3766007423401, "0.005859375000000003": 258.77637910842896, "0.006054687500000003": 259.3392016887665, "0.006250000000000003": 259.6889090538025, "0.006445312500000003": 259.0597014427185, "0.006640625000000003": 259.29746437072754, "0.0068359375000000035": 259.68006587028503, "0.007031250000000004": 259.545982837677, "0.007226562500000004": 260.3352315425873, "0.007421875000000004": 259.36861872673035, "0.007617187500000004": 259.1284816265106, "0.007812500000000003": 258.7958290576935, "0.008007812500000003": 260.63807559013367, "0.008203125000000002": 259.7612226009369, "0.008398437500000001": 259.8285961151123, "0.00859375": 259.2309536933899, "0.0087890625": 259.6818377971649, "0.008984375": 260.06544065475464, "0.009179687499999999": 259.5204439163208, "0.009374999999999998": 259.93451619148254, "0.009570312499999997": 261.14293026924133, "0.009765624999999997": 261.12575578689575, "0.009960937499999996": 265.75982117652893, "0.010156249999999995": 265.9890353679657, "0.010351562499999994": 265.12774300575256, "0.010546874999999994": 265.57187938690186, "0.010742187499999993": 264.59880805015564, "0.010937499999999992": 264.76118302345276, "0.011132812499999992": 265.8897728919983, "0.011328124999999991": 264.39574456214905, "0.01152343749999999": 267.176064491272, "0.01171874999999999": 265.61323642730713, "0.011914062499999989": 267.619464635849, "0.012109374999999988": 267.1904275417328, "0.012304687499999988": 265.0195622444153, "0.012499999999999987": 265.42244386672974, "0.012695312499999986": 264.7394905090332, "0.012890624999999985": 267.11455821990967, "0.013085937499999985": 267.289675951004, "0.013281249999999984": 264.89104104042053, "0.013476562499999983": 267.0005233287811, "0.013671874999999983": 264.94209933280945, "0.013867187499999982": 265.21584486961365, "0.014062499999999981": 266.57512283325195, "0.01425781249999998": 266.6807117462158, "0.01445312499999998": 258.2952787876129, "0.01464843749999998": 256.87121653556824, "0.014843749999999978": 258.2523775100708, "0.015039062499999978": 257.4980547428131, "0.015234374999999977": 255.7190330028534, "0.015429687499999976": 256.2710499763489, "0.015624999999999976": 257.64552640914917, "0.015820312499999975": 256.2919294834137, "0.016015624999999974": 260.1696763038635, "0.016210937499999974": 257.39916825294495, "0.016406249999999973": 257.4661030769348, "0.016601562499999972": 258.0573105812073, "0.01679687499999997": 255.88753652572632, "0.01699218749999997": 257.17486214637756, "0.01718749999999997": 256.81287121772766, "0.01738281249999997": 268.08724546432495, "0.01757812499999997": 267.9181230068207, "0.017773437499999968": 267.8143630027771, "0.017968749999999967": 268.02816820144653, "0.018164062499999967": 266.9959247112274, "0.018359374999999966": 267.04536628723145, "0.018554687499999965": 268.1153221130371, "0.018749999999999965": 268.6101508140564, "0.018945312499999964": 269.5983817577362, "0.019140624999999963": 268.28768706321716, "0.019335937499999963": 268.1992037296295}