{"0": 50.924192667007446, "0.0001953125": 30.76724076271057, "0.000390625": 25.405349731445312, "0.0005859375000000001": 22.11859393119812, "0.00078125": 22.562163829803467, "0.0009765625": 21.88666081428528, "0.001171875": 21.038024425506592, "0.0013671875": 20.36296820640564, "0.0015624999999999999": 19.827718496322632, "0.0017578124999999998": 19.709463357925415, "0.0019531249999999998": 19.06459093093872, "0.0021484374999999997": 20.157810926437378, "0.00234375": 19.641888856887817, "0.0025390625": 19.202263355255127, "0.0027343750000000003": 20.022415161132812, "0.0029296875000000004": 19.82637095451355, "0.0031250000000000006": 20.994238138198853, "0.0033203125000000008": 20.29271411895752, "0.003515625000000001": 20.344098806381226, "0.003710937500000001": 20.449445247650146, "0.003906250000000001": 21.03009009361267, "0.004101562500000001": 21.3646080493927, "0.004296875000000001": 21.001487255096436, "0.004492187500000001": 20.114338397979736, "0.0046875000000000016": 20.051883697509766, "0.004882812500000002": 20.148841381072998, "0.005078125000000002": 19.431660652160645, "0.005273437500000002": 19.60461449623108, "0.005468750000000002": 19.645708799362183, "0.005664062500000002": 19.807477235794067, "0.005859375000000003": 19.642452478408813, "0.006054687500000003": 19.44498634338379, "0.006250000000000003": 19.776302814483643, "0.006445312500000003": 20.735220670700073, "0.006640625000000003": 19.380317211151123, "0.0068359375000000035": 20.86031460762024, "0.007031250000000004": 20.357848644256592, "0.007226562500000004": 20.11104416847229, "0.007421875000000004": 19.831281185150146, "0.007617187500000004": 19.840639352798462, "0.007812500000000003": 20.410852193832397, "0.008007812500000003": 19.720441818237305, "0.008203125000000002": 20.273521900177002, "0.008398437500000001": 20.003655195236206, "0.00859375": 19.941094875335693, "0.0087890625": 20.202529191970825, "0.008984375": 19.62494659423828, "0.009179687499999999": 20.016336679458618, "0.009374999999999998": 21.36833095550537, "0.009570312499999997": 20.713725566864014, "0.009765624999999997": 19.696909427642822, "0.009960937499999996": 20.295871019363403, "0.010156249999999995": 19.83084225654602, "0.010351562499999994": 19.854820251464844, "0.010546874999999994": 20.59876036643982, "0.010742187499999993": 20.067647457122803, "0.010937499999999992": 19.773606300354004, "0.011132812499999992": 19.85401964187622, "0.011328124999999991": 19.53882622718811, "0.01152343749999999": 20.26325488090515, "0.01171874999999999": 20.325010538101196, "0.011914062499999989": 20.210408210754395, "0.012109374999999988": 19.834110498428345, "0.012304687499999988": 20.370142221450806, "0.012499999999999987": 19.928160429000854, "0.012695312499999986": 20.249558687210083, "0.012890624999999985": 19.45013952255249, "0.013085937499999985": 19.41730237007141, "0.013281249999999984": 19.913716793060303, "0.013476562499999983": 20.21639847755432, "0.013671874999999983": 19.48692536354065, "0.013867187499999982": 20.437617540359497, "0.014062499999999981": 19.509955644607544, "0.01425781249999998": 19.44253969192505, "0.01445312499999998": 19.30681848526001, "0.01464843749999998": 19.87563729286194, "0.014843749999999978": 18.7704656124115, "0.015039062499999978": 20.154171228408813, "0.015234374999999977": 19.60857057571411, "0.015429687499999976": 19.321563959121704, "0.015624999999999976": 20.43345069885254, "0.015820312499999975": 20.106943368911743, "0.016015624999999974": 18.57713484764099, "0.016210937499999974": 20.557857990264893, "0.016406249999999973": 20.00885248184204, "0.016601562499999972": 19.600784063339233, "0.01679687499999997": 21.182069540023804, "0.01699218749999997": 19.900041103363037, "0.01718749999999997": 19.70323896408081, "0.01738281249999997": 20.15677499771118, "0.01757812499999997": 20.443803787231445, "0.017773437499999968": 19.152360439300537, "0.017968749999999967": 20.93620491027832, "0.018164062499999967": 20.199516534805298, "0.018359374999999966": 19.626649618148804, "0.018554687499999965": 19.396743774414062, "0.018749999999999965": 21.123937606811523, "0.018945312499999964": 19.19112730026245, "0.019140624999999963": 20.102869033813477, "0.019335937499999963": 21.088717222213745}