{"0": 470.4261462688446, "0.0001953125": 382.2225477695465, "0.000390625": 380.4585998058319, "0.0005859375000000001": 380.4459261894226, "0.00078125": 379.47648096084595, "0.0009765625": 377.59830689430237, "0.001171875": 378.20676827430725, "0.0013671875": 379.313588142395, "0.0015624999999999999": 378.33111929893494, "0.0017578124999999998": 378.3894429206848, "0.0019531249999999998": 378.98460817337036, "0.0021484374999999997": 376.95195031166077, "0.00234375": 376.0493836402893, "0.0025390625": 376.52374029159546, "0.0027343750000000003": 376.62587094306946, "0.0029296875000000004": 377.3807096481323, "0.0031250000000000006": 378.2987163066864, "0.0033203125000000008": 378.00115489959717, "0.003515625000000001": 376.27069115638733, "0.003710937500000001": 377.8003125190735, "0.003906250000000001": 378.57050108909607, "0.004101562500000001": 378.8464517593384, "0.004296875000000001": 377.90769958496094, "0.004492187500000001": 378.0295171737671, "0.0046875000000000016": 378.68568682670593, "0.004882812500000002": 376.36472821235657, "0.005078125000000002": 380.12525820732117, "0.005273437500000002": 382.7126090526581, "0.005468750000000002": 380.41336846351624, "0.005664062500000002": 381.59538555145264, "0.005859375000000003": 380.8507471084595, "0.006054687500000003": 380.76895356178284, "0.006250000000000003": 381.6228814125061, "0.006445312500000003": 383.123409986496, "0.006640625000000003": 382.8595163822174, "0.0068359375000000035": 379.8525414466858, "0.007031250000000004": 382.9235882759094, "0.007226562500000004": 381.0377824306488, "0.007421875000000004": 380.11170959472656, "0.007617187500000004": 380.85857105255127, "0.007812500000000003": 380.3526749610901, "0.008007812500000003": 380.8508780002594, "0.008203125000000002": 378.60378074645996, "0.008398437500000001": 379.4963276386261, "0.00859375": 381.6032304763794, "0.0087890625": 379.67279267311096, "0.008984375": 383.9417953491211, "0.009179687499999999": 384.1607503890991, "0.009374999999999998": 384.48437213897705, "0.009570312499999997": 385.54201436042786, "0.009765624999999997": 382.882036447525, "0.009960937499999996": 382.50260066986084, "0.010156249999999995": 382.6730613708496, "0.010351562499999994": 382.6113133430481, "0.010546874999999994": 383.94462060928345, "0.010742187499999993": 384.962849855423, "0.010937499999999992": 384.6106894016266, "0.011132812499999992": 382.2930805683136, "0.011328124999999991": 382.83176159858704, "0.01152343749999999": 384.1090364456177, "0.01171874999999999": 385.1187024116516, "0.011914062499999989": 386.41811180114746, "0.012109374999999988": 383.8903579711914, "0.012304687499999988": 385.82829904556274, "0.012499999999999987": 385.4419643878937, "0.012695312499999986": 386.423184633255, "0.012890624999999985": 384.879168510437, "0.013085937499999985": 384.17559576034546, "0.013281249999999984": 384.6132712364197, "0.013476562499999983": 385.8379456996918, "0.013671874999999983": 387.5606806278229, "0.013867187499999982": 386.52132272720337}