{"0": 202.8382019996643, "0.0001953125": 158.4815104007721, "0.000390625": 154.66860342025757, "0.0005859375000000001": 152.45475959777832, "0.00078125": 152.18722987174988, "0.0009765625": 152.54257535934448, "0.001171875": 151.8656280040741, "0.0013671875": 150.2398271560669, "0.0015624999999999999": 150.92660212516785, "0.0017578124999999998": 149.7988519668579, "0.0019531249999999998": 150.54176592826843, "0.0021484374999999997": 149.94817686080933, "0.00234375": 150.34070754051208, "0.0025390625": 148.987811088562, "0.0027343750000000003": 149.67363739013672, "0.0029296875000000004": 149.64560985565186, "0.0031250000000000006": 151.1478672027588, "0.0033203125000000008": 150.71953988075256, "0.003515625000000001": 150.49743390083313, "0.003710937500000001": 150.5897445678711, "0.003906250000000001": 149.8897306919098, "0.004101562500000001": 150.0015208721161, "0.004296875000000001": 148.7181875705719, "0.004492187500000001": 148.09977507591248, "0.0046875000000000016": 149.54343223571777, "0.004882812500000002": 146.8555290699005, "0.005078125000000002": 148.19340872764587, "0.005273437500000002": 148.50006580352783, "0.005468750000000002": 148.40275835990906, "0.005664062500000002": 149.28102111816406, "0.005859375000000003": 149.2214710712433, "0.006054687500000003": 149.40280532836914, "0.006250000000000003": 147.66922211647034, "0.006445312500000003": 148.13514709472656, "0.006640625000000003": 148.69551873207092, "0.0068359375000000035": 150.50575399398804, "0.007031250000000004": 148.60495615005493, "0.007226562500000004": 150.63635659217834, "0.007421875000000004": 149.6708574295044, "0.007617187500000004": 149.48190808296204, "0.007812500000000003": 148.81224846839905, "0.008007812500000003": 148.74980330467224, "0.008203125000000002": 150.41918277740479, "0.008398437500000001": 150.97335171699524, "0.00859375": 150.11281776428223, "0.0087890625": 151.02160143852234, "0.008984375": 152.10728359222412, "0.009179687499999999": 151.47756433486938, "0.009374999999999998": 152.0302140712738, "0.009570312499999997": 152.22179746627808, "0.009765624999999997": 150.48784518241882, "0.009960937499999996": 152.48299741744995, "0.010156249999999995": 151.38906049728394, "0.010351562499999994": 151.5935983657837, "0.010546874999999994": 151.74265575408936, "0.010742187499999993": 152.05566954612732, "0.010937499999999992": 151.18936800956726, "0.011132812499999992": 150.21413612365723, "0.011328124999999991": 152.92355251312256, "0.01152343749999999": 151.09419918060303, "0.01171874999999999": 151.46333813667297, "0.011914062499999989": 153.51745080947876, "0.012109374999999988": 151.76026463508606, "0.012304687499999988": 151.8357367515564, "0.012499999999999987": 150.96467280387878, "0.012695312499999986": 150.30427861213684, "0.012890624999999985": 151.88498258590698, "0.013085937499999985": 151.0766384601593, "0.013281249999999984": 154.68023777008057, "0.013476562499999983": 151.22904133796692, "0.013671874999999983": 152.67711853981018, "0.013867187499999982": 151.70574975013733, "0.014062499999999981": 152.29115223884583, "0.01425781249999998": 154.94814252853394, "0.01445312499999998": 151.4297113418579, "0.01464843749999998": 154.5797519683838, "0.014843749999999978": 152.55405521392822, "0.015039062499999978": 152.52406811714172, "0.015234374999999977": 152.21427750587463, "0.015429687499999976": 153.09068059921265, "0.015624999999999976": 147.74009251594543, "0.015820312499999975": 148.82476830482483, "0.016015624999999974": 148.50614666938782, "0.016210937499999974": 149.6373188495636, "0.016406249999999973": 148.67994952201843, "0.016601562499999972": 147.59837675094604, "0.01679687499999997": 147.82362699508667, "0.01699218749999997": 148.10103845596313, "0.01718749999999997": 148.1754071712494, "0.01738281249999997": 149.74755883216858, "0.01757812499999997": 148.44805002212524, "0.017773437499999968": 149.1107211112976, "0.017968749999999967": 148.91240286827087, "0.018164062499999967": 151.0346715450287, "0.018359374999999966": 149.6851499080658, "0.018554687499999965": 149.7296552658081, "0.018749999999999965": 149.9569628238678, "0.018945312499999964": 150.74564504623413, "0.019140624999999963": 151.58787536621094, "0.019335937499999963": 149.5243148803711}