{"0": 49.32255554199219, "0.0001953125": 24.538301706314087, "0.000390625": 20.17757487297058, "0.0005859375000000001": 18.35027289390564, "0.00078125": 16.4352810382843, "0.0009765625": 16.60102677345276, "0.001171875": 15.942737817764282, "0.0013671875": 17.308211088180542, "0.0015624999999999999": 15.404544115066528, "0.0017578124999999998": 15.684532165527344, "0.0019531249999999998": 15.716831922531128, "0.0021484374999999997": 15.711086988449097, "0.00234375": 16.117648124694824, "0.0025390625": 15.326574325561523, "0.0027343750000000003": 16.032715797424316, "0.0029296875000000004": 15.282521486282349, "0.0031250000000000006": 16.0456805229187, "0.0033203125000000008": 14.952323913574219, "0.003515625000000001": 16.266722440719604, "0.003710937500000001": 14.436431884765625, "0.003906250000000001": 16.98425817489624, "0.004101562500000001": 14.886210203170776, "0.004296875000000001": 15.42904019355774, "0.004492187500000001": 14.95515489578247, "0.0046875000000000016": 16.2920024394989, "0.004882812500000002": 14.945070266723633, "0.005078125000000002": 16.51424241065979, "0.005273437500000002": 16.011349201202393, "0.005468750000000002": 16.53552508354187, "0.005664062500000002": 15.961045265197754, "0.005859375000000003": 16.673720359802246, "0.006054687500000003": 16.709614038467407, "0.006250000000000003": 16.104469776153564, "0.006445312500000003": 15.923803091049194, "0.006640625000000003": 15.357134103775024, "0.0068359375000000035": 16.692854166030884, "0.007031250000000004": 16.367584466934204, "0.007226562500000004": 16.162805318832397, "0.007421875000000004": 15.41591191291809, "0.007617187500000004": 16.309255123138428, "0.007812500000000003": 15.641985177993774, "0.008007812500000003": 16.377262353897095, "0.008203125000000002": 15.152868509292603, "0.008398437500000001": 16.20883059501648, "0.00859375": 14.484979152679443, "0.0087890625": 15.483501434326172, "0.008984375": 15.49724531173706, "0.009179687499999999": 15.86976671218872, "0.009374999999999998": 15.733584880828857, "0.009570312499999997": 15.515633344650269, "0.009765624999999997": 15.24351191520691, "0.009960937499999996": 15.387617826461792, "0.010156249999999995": 15.686286211013794, "0.010351562499999994": 14.994256973266602, "0.010546874999999994": 15.687676668167114, "0.010742187499999993": 14.973711967468262, "0.010937499999999992": 15.347995519638062, "0.011132812499999992": 15.556949138641357, "0.011328124999999991": 16.4898943901062, "0.01152343749999999": 15.242214918136597, "0.01171874999999999": 15.639131546020508, "0.011914062499999989": 14.8433678150177, "0.012109374999999988": 16.269383430480957, "0.012304687499999988": 14.87088418006897, "0.012499999999999987": 16.33462905883789, "0.012695312499999986": 14.464114904403687, "0.012890624999999985": 16.02061414718628, "0.013085937499999985": 15.036566972732544, "0.013281249999999984": 16.040939569473267, "0.013476562499999983": 15.274279594421387, "0.013671874999999983": 15.561564683914185, "0.013867187499999982": 14.316833257675171, "0.014062499999999981": 15.795372724533081, "0.01425781249999998": 14.878323793411255, "0.01445312499999998": 15.680608034133911, "0.01464843749999998": 14.50452709197998, "0.014843749999999978": 15.445205211639404, "0.015039062499999978": 14.938601016998291, "0.015234374999999977": 16.51170301437378, "0.015429687499999976": 15.111305952072144, "0.015624999999999976": 15.778231382369995, "0.015820312499999975": 14.491523504257202, "0.016015624999999974": 15.761706352233887, "0.016210937499999974": 15.455347299575806, "0.016406249999999973": 15.56152606010437, "0.016601562499999972": 15.34962272644043, "0.01679687499999997": 15.456148147583008, "0.01699218749999997": 16.006824254989624, "0.01718749999999997": 15.252351999282837, "0.01738281249999997": 15.728144884109497, "0.01757812499999997": 14.837711334228516, "0.017773437499999968": 15.669803380966187, "0.017968749999999967": 15.561958312988281, "0.018164062499999967": 15.310690879821777, "0.018359374999999966": 15.018288612365723, "0.018554687499999965": 15.377251148223877, "0.018749999999999965": 15.499065160751343, "0.018945312499999964": 16.70932388305664, "0.019140624999999963": 14.515989780426025, "0.019335937499999963": 16.491468906402588}