{"0": 293.7177646160126, "0.0001953125": 233.83418321609497, "0.000390625": 228.40113759040833, "0.0005859375000000001": 228.02045702934265, "0.00078125": 227.72714948654175, "0.0009765625": 225.68798875808716, "0.001171875": 225.90819907188416, "0.0013671875": 225.50256752967834, "0.0015624999999999999": 224.97159457206726, "0.0017578124999999998": 224.66290974617004, "0.0019531249999999998": 226.0947663784027, "0.0021484374999999997": 223.86526584625244, "0.00234375": 224.8558657169342, "0.0025390625": 224.88204646110535, "0.0027343750000000003": 226.36215806007385, "0.0029296875000000004": 224.13002228736877, "0.0031250000000000006": 225.12122058868408, "0.0033203125000000008": 224.60392689704895, "0.003515625000000001": 223.54386591911316, "0.003710937500000001": 224.19129395484924, "0.003906250000000001": 224.1244819164276, "0.004101562500000001": 224.0021743774414, "0.004296875000000001": 223.4662070274353, "0.004492187500000001": 224.02752661705017, "0.0046875000000000016": 223.32133293151855, "0.004882812500000002": 225.319655418396, "0.005078125000000002": 223.618634223938, "0.005273437500000002": 224.55647730827332, "0.005468750000000002": 225.44944071769714, "0.005664062500000002": 226.40336394309998, "0.005859375000000003": 224.90525794029236, "0.006054687500000003": 226.24010515213013, "0.006250000000000003": 225.1711962223053, "0.006445312500000003": 225.08445072174072, "0.006640625000000003": 226.21796298027039, "0.0068359375000000035": 226.5720751285553, "0.007031250000000004": 227.25792860984802, "0.007226562500000004": 226.48217940330505, "0.007421875000000004": 227.64143824577332, "0.007617187500000004": 225.40900993347168, "0.007812500000000003": 224.43423676490784, "0.008007812500000003": 225.01214909553528, "0.008203125000000002": 224.75407648086548, "0.008398437500000001": 224.8856110572815, "0.00859375": 224.74967575073242, "0.0087890625": 224.83813095092773, "0.008984375": 225.47585105895996, "0.009179687499999999": 226.32490730285645, "0.009374999999999998": 225.5040261745453, "0.009570312499999997": 224.62279319763184, "0.009765624999999997": 224.13587284088135, "0.009960937499999996": 225.88007402420044, "0.010156249999999995": 225.71636152267456, "0.010351562499999994": 225.56177806854248, "0.010546874999999994": 227.21572542190552, "0.010742187499999993": 225.4488832950592, "0.010937499999999992": 226.43883061408997, "0.011132812499999992": 225.50853419303894, "0.011328124999999991": 227.27362275123596, "0.01152343749999999": 225.06216192245483, "0.01171874999999999": 225.60261869430542, "0.011914062499999989": 226.38776683807373, "0.012109374999999988": 227.2568061351776, "0.012304687499999988": 226.01650834083557, "0.012499999999999987": 224.57144856452942, "0.012695312499999986": 226.74285984039307, "0.012890624999999985": 225.10896682739258, "0.013085937499999985": 225.42712998390198, "0.013281249999999984": 225.6105239391327, "0.013476562499999983": 225.31675028800964, "0.013671874999999983": 225.33642387390137, "0.013867187499999982": 225.65809226036072, "0.014062499999999981": 224.30866813659668, "0.01425781249999998": 226.57462763786316, "0.01445312499999998": 226.97701597213745, "0.01464843749999998": 227.09644031524658, "0.014843749999999978": 218.74295449256897, "0.015039062499999978": 217.9762523174286, "0.015234374999999977": 218.00139236450195, "0.015429687499999976": 217.50215601921082, "0.015624999999999976": 216.84348917007446, "0.015820312499999975": 218.38980507850647, "0.016015624999999974": 218.69284176826477, "0.016210937499999974": 217.6654667854309, "0.016406249999999973": 219.11442470550537, "0.016601562499999972": 218.36598873138428, "0.01679687499999997": 218.4110143184662, "0.01699218749999997": 218.16609120368958, "0.01718749999999997": 217.82127475738525, "0.01738281249999997": 219.12545037269592, "0.01757812499999997": 218.84754586219788, "0.017773437499999968": 227.94721245765686, "0.017968749999999967": 228.8925280570984, "0.018164062499999967": 228.64053773880005, "0.018359374999999966": 226.9542007446289, "0.018554687499999965": 226.71189880371094, "0.018749999999999965": 227.3724446296692, "0.018945312499999964": 228.51126861572266, "0.019140624999999963": 227.59606170654297, "0.019335937499999963": 226.95568442344666}