{"0": 197.95005297660828, "0.0001953125": 165.34962487220764, "0.000390625": 145.72305846214294, "0.0005859375000000001": 146.56769394874573, "0.00078125": 141.91291213035583, "0.0009765625": 143.6838731765747, "0.001171875": 139.93665862083435, "0.0013671875": 140.86916255950928, "0.0015624999999999999": 140.2430191040039, "0.0017578124999999998": 138.39331316947937, "0.0019531249999999998": 138.74819445610046, "0.0021484374999999997": 138.22323989868164, "0.00234375": 136.93002438545227, "0.0025390625": 137.64900875091553, "0.0027343750000000003": 138.2165241241455, "0.0029296875000000004": 137.61028146743774, "0.0031250000000000006": 139.74102091789246, "0.0033203125000000008": 139.1213846206665, "0.003515625000000001": 137.19751358032227, "0.003710937500000001": 139.17611742019653, "0.003906250000000001": 139.1363513469696, "0.004101562500000001": 138.47854375839233, "0.004296875000000001": 138.90185070037842, "0.004492187500000001": 140.38188219070435, "0.0046875000000000016": 137.81509494781494, "0.004882812500000002": 140.10448384284973, "0.005078125000000002": 140.67623043060303, "0.005273437500000002": 139.5567708015442, "0.005468750000000002": 140.02628779411316, "0.005664062500000002": 139.94991946220398, "0.005859375000000003": 139.47916316986084, "0.006054687500000003": 140.39760661125183, "0.006250000000000003": 139.1192705631256, "0.006445312500000003": 139.2653980255127, "0.006640625000000003": 140.41414165496826, "0.0068359375000000035": 138.85374808311462, "0.007031250000000004": 142.6347553730011, "0.007226562500000004": 139.27713656425476, "0.007421875000000004": 139.54778480529785, "0.007617187500000004": 139.41233134269714, "0.007812500000000003": 138.70670294761658, "0.008007812500000003": 138.84822058677673, "0.008203125000000002": 137.43220949172974, "0.008398437500000001": 138.40074729919434, "0.00859375": 138.7108862400055, "0.0087890625": 138.19675874710083, "0.008984375": 139.19270730018616, "0.009179687499999999": 140.87339305877686, "0.009374999999999998": 138.00086498260498, "0.009570312499999997": 139.39589881896973, "0.009765624999999997": 141.50426864624023, "0.009960937499999996": 138.7338306903839, "0.010156249999999995": 138.6884801387787, "0.010351562499999994": 138.14735960960388, "0.010546874999999994": 137.70010137557983, "0.010742187499999993": 141.00483441352844, "0.010937499999999992": 138.66185355186462, "0.011132812499999992": 139.78340244293213, "0.011328124999999991": 139.2609899044037, "0.01152343749999999": 138.64388227462769, "0.01171874999999999": 139.9689919948578, "0.011914062499999989": 142.02899932861328, "0.012109374999999988": 140.2627980709076, "0.012304687499999988": 141.00487303733826, "0.012499999999999987": 140.06102848052979, "0.012695312499999986": 141.25247430801392, "0.012890624999999985": 141.43145871162415, "0.013085937499999985": 145.8621973991394, "0.013281249999999984": 139.86673784255981, "0.013476562499999983": 141.10176515579224, "0.013671874999999983": 141.41476702690125, "0.013867187499999982": 141.8193666934967, "0.014062499999999981": 140.77861404418945, "0.01425781249999998": 140.87289381027222, "0.01445312499999998": 142.74936366081238, "0.01464843749999998": 141.20647144317627, "0.014843749999999978": 140.39389967918396, "0.015039062499999978": 141.70315957069397, "0.015234374999999977": 144.82493329048157, "0.015429687499999976": 142.5064721107483, "0.015624999999999976": 141.49532461166382, "0.015820312499999975": 141.26978874206543, "0.016015624999999974": 143.4216070175171, "0.016210937499999974": 136.2273190021515, "0.016406249999999973": 140.21210932731628, "0.016601562499999972": 138.6319055557251, "0.01679687499999997": 136.86632990837097, "0.01699218749999997": 140.66218757629395, "0.01718749999999997": 136.96380138397217, "0.01738281249999997": 137.22236967086792, "0.01757812499999997": 137.925283908844, "0.017773437499999968": 137.93310046195984, "0.017968749999999967": 138.08719897270203, "0.018164062499999967": 138.05558800697327, "0.018359374999999966": 136.45194172859192, "0.018554687499999965": 138.5536949634552, "0.018749999999999965": 137.8571810722351, "0.018945312499999964": 136.9355125427246, "0.019140624999999963": 136.52981877326965, "0.019335937499999963": 137.14001989364624}