{"0": 52.000712156295776, "0.0001953125": 25.74134612083435, "0.000390625": 21.414544820785522, "0.0005859375000000001": 17.363799571990967, "0.00078125": 16.415332317352295, "0.0009765625": 16.712455987930298, "0.001171875": 15.726112365722656, "0.0013671875": 16.7679603099823, "0.0015624999999999999": 15.012904167175293, "0.0017578124999999998": 15.30479621887207, "0.0019531249999999998": 14.24955415725708, "0.0021484374999999997": 16.2024188041687, "0.00234375": 14.254094123840332, "0.0025390625": 15.435948848724365, "0.0027343750000000003": 14.268184900283813, "0.0029296875000000004": 15.956393003463745, "0.0031250000000000006": 14.170544147491455, "0.0033203125000000008": 15.49381709098816, "0.003515625000000001": 14.966464519500732, "0.003710937500000001": 15.00980257987976, "0.003906250000000001": 14.198360204696655, "0.004101562500000001": 15.553563117980957, "0.004296875000000001": 14.260040521621704, "0.004492187500000001": 15.266757726669312, "0.0046875000000000016": 14.17223596572876, "0.004882812500000002": 16.274923086166382, "0.005078125000000002": 14.48641324043274, "0.005273437500000002": 15.670503377914429, "0.005468750000000002": 15.092330932617188, "0.005664062500000002": 15.665018320083618, "0.005859375000000003": 14.269510507583618, "0.006054687500000003": 15.836779594421387, "0.006250000000000003": 14.498188257217407, "0.006445312500000003": 15.260383129119873, "0.006640625000000003": 14.703102827072144, "0.0068359375000000035": 15.774405479431152, "0.007031250000000004": 14.877295732498169, "0.007226562500000004": 15.680742740631104, "0.007421875000000004": 14.700796842575073, "0.007617187500000004": 16.218297243118286, "0.007812500000000003": 14.413787126541138, "0.008007812500000003": 16.20763397216797, "0.008203125000000002": 15.053573369979858, "0.008398437500000001": 15.567729234695435, "0.00859375": 14.26116681098938, "0.0087890625": 15.651108026504517, "0.008984375": 14.961647748947144, "0.009179687499999999": 15.677786350250244, "0.009374999999999998": 15.134609699249268, "0.009570312499999997": 16.112241506576538, "0.009765624999999997": 15.402228355407715, "0.009960937499999996": 16.326125621795654, "0.010156249999999995": 15.329515933990479, "0.010351562499999994": 15.67814302444458, "0.010546874999999994": 15.111095666885376, "0.010742187499999993": 15.198024034500122, "0.010937499999999992": 14.667458057403564, "0.011132812499999992": 15.962217092514038, "0.011328124999999991": 15.486808776855469, "0.01152343749999999": 15.451723337173462, "0.01171874999999999": 15.599905014038086, "0.011914062499999989": 14.911555290222168, "0.012109374999999988": 15.783328294754028, "0.012304687499999988": 14.685882568359375, "0.012499999999999987": 15.991621017456055, "0.012695312499999986": 14.72368597984314, "0.012890624999999985": 14.633814573287964, "0.013085937499999985": 14.362741947174072, "0.013281249999999984": 15.25054144859314, "0.013476562499999983": 14.89517068862915, "0.013671874999999983": 15.41643238067627, "0.013867187499999982": 14.575262546539307, "0.014062499999999981": 14.76402735710144, "0.01425781249999998": 14.281747817993164, "0.01445312499999998": 15.36323881149292, "0.01464843749999998": 14.236252069473267, "0.014843749999999978": 15.563474655151367, "0.015039062499999978": 14.240378856658936, "0.015234374999999977": 15.148497343063354, "0.015429687499999976": 13.996113300323486, "0.015624999999999976": 14.46364712715149, "0.015820312499999975": 15.151104211807251, "0.016015624999999974": 14.658236503601074, "0.016210937499999974": 14.859920740127563, "0.016406249999999973": 14.153155326843262, "0.016601562499999972": 14.628418445587158, "0.01679687499999997": 14.503600120544434, "0.01699218749999997": 15.213951349258423, "0.01718749999999997": 14.44662880897522, "0.01738281249999997": 14.507207870483398, "0.01757812499999997": 14.13988208770752, "0.017773437499999968": 15.695959329605103, "0.017968749999999967": 14.30446481704712, "0.018164062499999967": 14.572202920913696, "0.018359374999999966": 14.691845178604126, "0.018554687499999965": 14.897745847702026, "0.018749999999999965": 14.260131597518921, "0.018945312499999964": 15.92501425743103, "0.019140624999999963": 13.756449937820435, "0.019335937499999963": 15.213956594467163}