{"0.99999": [[10000000.0, 100000000.0, 31622776.60168379], [704, 1059, 886], [962, 1200, 1009], [[4.0, 16.0, 41.0, 92.0, 227.0, 679.0, 704.0, 204.0, 55.0, 16.0, 4.0], [4.0, 16.0, 41.0, 101.0, 326.0, 1059.0, 890.0, 236.0, 61.0, 16.0, 4.0], [4.0, 16.0, 41.0, 97.0, 274.0, 886.0, 845.0, 229.0, 59.0, 16.0, 4.0]], [[4.0, 16.0, 43.0, 96.0, 235.0, 725.0, 962.0, 252.0, 64.0, 16.0, 4.0], [4.0, 16.0, 43.0, 121.0, 423.0, 1200.0, 1011.0, 255.0, 64.0, 16.0, 4.0], [4.0, 16.0, 43.0, 100.0, 315.0, 1009.0, 1006.0, 255.0, 64.0, 16.0, 4.0]]], "0.999985126478927": [[10000000.0, 100000000.0, 31622776.60168379], [647, 975, 821], [925, 1128, 994], [[4.0, 16.0, 40.0, 91.0, 219.0, 626.0, 647.0, 189.0, 51.0, 15.0, 4.0], [4.0, 16.0, 40.0, 98.0, 298.0, 975.0, 846.0, 228.0, 59.0, 16.0, 4.0], [4.0, 16.0, 40.0, 95.0, 256.0, 821.0, 791.0, 218.0, 57.0, 16.0, 4.0]], [[4.0, 16.0, 43.0, 95.0, 228.0, 687.0, 925.0, 248.0, 64.0, 16.0, 4.0], [4.0, 16.0, 43.0, 113.0, 398.0, 1128.0, 1004.0, 255.0, 64.0, 16.0, 4.0], [4.0, 16.0, 43.0, 98.0, 281.0, 923.0, 994.0, 254.0, 64.0, 16.0, 4.0]]], "0.9999778778370892": [[10000000.0, 100000000.0, 31622776.60168379], [582, 889, 756], [870, 1055, 978], [[4.0, 16.0, 39.0, 89.0, 212.0, 567.0, 582.0, 171.0, 47.0, 14.0, 4.0], [4.0, 16.0, 39.0, 95.0, 274.0, 889.0, 791.0, 217.0, 57.0, 16.0, 4.0], [4.0, 16.0, 39.0, 92.0, 241.0, 756.0, 724.0, 207.0, 55.0, 15.0, 4.0]], [[4.0, 16.0, 42.0, 93.0, 223.0, 647.0, 870.0, 242.0, 63.0, 16.0, 4.0], [4.0, 16.0, 42.0, 103.0, 368.0, 1055.0, 992.0, 253.0, 64.0, 16.0, 4.0], [4.0, 16.0, 42.0, 97.0, 256.0, 849.0, 978.0, 252.0, 64.0, 16.0, 4.0]]], "0.9999670965543769": [[10000000.0, 100000000.0, 31622776.60168379], [507, 805, 687], [795, 978, 952], [[4.0, 16.0, 39.0, 87.0, 205.0, 507.0, 505.0, 150.0, 42.0, 12.0, 4.0], [4.0, 16.0, 39.0, 92.0, 252.0, 805.0, 722.0, 205.0, 54.0, 15.0, 4.0], [4.0, 16.0, 39.0, 89.0, 227.0, 687.0, 652.0, 190.0, 51.0, 14.0, 4.0]], [[4.0, 16.0, 41.0, 92.0, 218.0, 605.0, 795.0, 232.0, 61.0, 16.0, 4.0], [4.0, 16.0, 41.0, 98.0, 330.0, 978.0, 976.0, 252.0, 64.0, 16.0, 4.0], [4.0, 16.0, 41.0, 94.0, 239.0, 782.0, 952.0, 250.0, 64.0, 16.0, 4.0]]], "0.9999510609908152": [[10000000.0, 100000000.0, 31622776.60168379], [447, 717, 604], [708, 949, 911], [[4.0, 16.0, 38.0, 85.0, 198.0, 447.0, 414.0, 126.0, 36.0, 11.0, 4.0], [4.0, 16.0, 38.0, 88.0, 232.0, 717.0, 640.0, 188.0, 50.0, 14.0, 4.0], [4.0, 16.0, 38.0, 86.0, 213.0, 604.0, 572.0, 169.0, 46.0, 13.0, 4.0]], [[4.0, 16.0, 41.0, 90.0, 213.0, 565.0, 708.0, 220.0, 58.0, 16.0, 4.0], [4.0, 16.0, 41.0, 95.0, 285.0, 895.0, 949.0, 249.0, 63.0, 16.0, 4.0], [4.0, 16.0, 41.0, 92.0, 226.0, 716.0, 911.0, 245.0, 63.0, 16.0, 4.0]]], "0.9999272104615602": [[10000000.0, 100000000.0, 31622776.60168379], [388, 621, 512], [608, 908, 848], [[4.0, 16.0, 37.0, 82.0, 190.0, 388.0, 319.0, 99.0, 29.0, 10.0, 4.0], [4.0, 16.0, 37.0, 85.0, 215.0, 621.0, 549.0, 163.0, 44.0, 12.0, 4.0], [4.0, 16.0, 37.0, 83.0, 201.0, 512.0, 480.0, 142.0, 39.0, 11.0, 4.0]], [[4.0, 16.0, 39.0, 88.0, 208.0, 522.0, 608.0, 200.0, 54.0, 15.0, 4.0], [4.0, 16.0, 39.0, 92.0, 245.0, 803.0, 908.0, 244.0, 62.0, 16.0, 4.0], [4.0, 16.0, 39.0, 89.0, 217.0, 653.0, 848.0, 239.0, 61.0, 16.0, 4.0]]], "0.9998917363266125": [[10000000.0, 100000000.0, 31622776.60168379], [335, 513, 425], [498, 846, 759], [[4.0, 16.0, 37.0, 80.0, 181.0, 335.0, 238.0, 74.0, 23.0, 8.0, 3.0], [4.0, 16.0, 37.0, 81.0, 199.0, 513.0, 446.0, 132.0, 36.0, 11.0, 4.0], [4.0, 16.0, 37.0, 81.0, 190.0, 425.0, 371.0, 111.0, 32.0, 10.0, 4.0]], [[4.0, 16.0, 39.0, 86.0, 200.0, 475.0, 498.0, 175.0, 48.0, 14.0, 4.0], [4.0, 16.0, 39.0, 88.0, 223.0, 701.0, 846.0, 237.0, 61.0, 16.0, 4.0], [4.0, 16.0, 39.0, 87.0, 210.0, 587.0, 759.0, 227.0, 59.0, 16.0, 4.0]]], "0.999838973797244": [[10000000.0, 100000000.0, 31622776.60168379], [287, 404, 344], [424, 759, 640], [[4.0, 16.0, 37.0, 78.0, 171.0, 287.0, 177.0, 55.0, 18.0, 7.0, 3.0], [4.0, 16.0, 37.0, 79.0, 185.0, 404.0, 327.0, 99.0, 28.0, 9.0, 3.0], [4.0, 16.0, 37.0, 78.0, 178.0, 344.0, 257.0, 79.0, 23.0, 8.0, 3.0]], [[4.0, 16.0, 38.0, 84.0, 193.0, 424.0, 416.0, 145.0, 41.0, 13.0, 4.0], [4.0, 16.0, 38.0, 85.0, 209.0, 616.0, 759.0, 224.0, 58.0, 16.0, 4.0], [4.0, 16.0, 38.0, 85.0, 201.0, 525.0, 640.0, 206.0, 55.0, 15.0, 4.0]]], "0.9997604973380012": [[10000000.0, 100000000.0, 31622776.60168379], [240, 307, 278], [375, 644, 500], [[4.0, 15.0, 36.0, 75.0, 159.0, 240.0, 129.0, 40.0, 13.0, 5.0, 3.0], [4.0, 15.0, 36.0, 76.0, 170.0, 307.0, 211.0, 65.0, 20.0, 7.0, 3.0], [4.0, 15.0, 36.0, 75.0, 165.0, 278.0, 174.0, 54.0, 17.0, 6.0, 3.0]], [[4.0, 16.0, 38.0, 82.0, 185.0, 375.0, 336.0, 113.0, 34.0, 11.0, 4.0], [4.0, 16.0, 38.0, 83.0, 199.0, 535.0, 644.0, 202.0, 54.0, 15.0, 4.0], [4.0, 16.0, 38.0, 82.0, 192.0, 463.0, 500.0, 175.0, 48.0, 14.0, 4.0]]], "0.9996437752109738": [[10000000.0, 100000000.0, 31622776.60168379], [194, 235, 219], [334, 501, 396], [[4.0, 15.0, 35.0, 72.0, 145.0, 194.0, 90.0, 28.0, 10.0, 5.0, 3.0], [4.0, 15.0, 35.0, 72.0, 155.0, 235.0, 134.0, 41.0, 13.0, 5.0, 3.0], [4.0, 15.0, 35.0, 72.0, 151.0, 219.0, 116.0, 36.0, 12.0, 5.0, 3.0]], [[4.0, 16.0, 37.0, 80.0, 178.0, 334.0, 262.0, 86.0, 27.0, 9.0, 4.0], [4.0, 16.0, 37.0, 81.0, 188.0, 460.0, 501.0, 167.0, 46.0, 13.0, 4.0], [4.0, 16.0, 37.0, 81.0, 183.0, 396.0, 367.0, 135.0, 38.0, 12.0, 4.0]]], "0.9994701683093716": [[10000000.0, 100000000.0, 31622776.60168379], [151, 177, 168], [290, 383, 332], [[4.0, 14.0, 34.0, 68.0, 129.0, 151.0, 62.0, 20.0, 7.0, 3.0, 3.0], [4.0, 14.0, 34.0, 68.0, 137.0, 177.0, 83.0, 26.0, 9.0, 4.0, 3.0], [4.0, 14.0, 34.0, 68.0, 134.0, 168.0, 75.0, 24.0, 8.0, 4.0, 3.0]], [[4.0, 16.0, 36.0, 78.0, 169.0, 290.0, 199.0, 64.0, 21.0, 8.0, 3.0], [4.0, 16.0, 36.0, 79.0, 178.0, 383.0, 345.0, 121.0, 35.0, 11.0, 4.0], [4.0, 16.0, 36.0, 78.0, 174.0, 332.0, 279.0, 96.0, 28.0, 9.0, 4.0]]], "0.999211953718433": [[10000000.0, 100000000.0, 31622776.60168379], [113, 130, 124], [248, 304, 276], [[4.0, 14.0, 33.0, 64.0, 110.0, 113.0, 42.0, 14.0, 5.0, 3.0, 3.0], [4.0, 14.0, 33.0, 64.0, 116.0, 130.0, 52.0, 17.0, 6.0, 3.0, 3.0], [4.0, 14.0, 33.0, 64.0, 114.0, 124.0, 48.0, 16.0, 6.0, 3.0, 3.0]], [[4.0, 16.0, 35.0, 74.0, 159.0, 248.0, 150.0, 48.0, 16.0, 7.0, 3.0], [4.0, 16.0, 35.0, 75.0, 167.0, 304.0, 237.0, 81.0, 24.0, 8.0, 3.0], [4.0, 16.0, 35.0, 75.0, 163.0, 276.0, 203.0, 67.0, 21.0, 8.0, 3.0]]], "0.9988278977024665": [[10000000.0, 100000000.0, 31622776.60168379], [94, 97, 96], [211, 242, 232], [[4.0, 13.0, 32.0, 59.0, 94.0, 79.0, 28.0, 10.0, 4.0, 3.0, 2.0], [4.0, 13.0, 32.0, 59.0, 97.0, 90.0, 33.0, 11.0, 5.0, 3.0, 2.0], [4.0, 13.0, 32.0, 59.0, 96.0, 86.0, 31.0, 11.0, 5.0, 3.0, 2.0]], [[4.0, 16.0, 34.0, 71.0, 146.0, 211.0, 111.0, 36.0, 12.0, 6.0, 3.0], [4.0, 16.0, 34.0, 71.0, 154.0, 242.0, 165.0, 54.0, 17.0, 7.0, 3.0], [4.0, 16.0, 34.0, 71.0, 151.0, 232.0, 144.0, 47.0, 15.0, 6.0, 3.0]]], "0.9982566711778": [[10000000.0, 100000000.0, 31622776.60168379], [74, 77, 76], [174, 200, 191], [[4.0, 13.0, 31.0, 52.0, 74.0, 53.0, 18.0, 7.0, 3.0, 3.0, 2.0], [4.0, 13.0, 31.0, 53.0, 77.0, 58.0, 21.0, 7.0, 3.0, 3.0, 2.0], [4.0, 13.0, 31.0, 53.0, 76.0, 56.0, 20.0, 7.0, 3.0, 3.0, 2.0]], [[4.0, 15.0, 33.0, 66.0, 130.0, 174.0, 82.0, 27.0, 10.0, 5.0, 3.0], [4.0, 15.0, 33.0, 67.0, 139.0, 200.0, 114.0, 37.0, 12.0, 5.0, 3.0], [4.0, 15.0, 33.0, 66.0, 136.0, 191.0, 102.0, 33.0, 12.0, 5.0, 3.0]]], "0.9974070562025953": [[10000000.0, 100000000.0, 31622776.60168379], [50, 53, 52], [140, 158, 152], [[4.0, 13.0, 30.0, 44.0, 50.0, 31.0, 11.0, 5.0, 3.0, 2.0, 2.0], [4.0, 13.0, 30.0, 45.0, 53.0, 34.0, 12.0, 5.0, 3.0, 2.0, 2.0], [4.0, 13.0, 30.0, 45.0, 52.0, 33.0, 12.0, 5.0, 3.0, 2.0, 2.0]], [[4.0, 14.0, 32.0, 62.0, 115.0, 140.0, 60.0, 20.0, 8.0, 4.0, 3.0], [4.0, 14.0, 32.0, 62.0, 120.0, 158.0, 78.0, 25.0, 9.0, 4.0, 3.0], [4.0, 14.0, 32.0, 62.0, 117.0, 152.0, 71.0, 23.0, 8.0, 4.0, 3.0]]],