{"0.99999": [[10000000.0, 100000000.0, 31622776.60168379], [3461, 3672, 3624], [3447, 3666, 3616], [[4.0, 16.0, 64.0, 256.0, 1024.0, 3461.0, 999.0, 252.0, 64.0, 16.0, 4.0], [4.0, 16.0, 64.0, 256.0, 1024.0, 3672.0, 1006.0, 253.0, 64.0, 16.0, 4.0], [4.0, 16.0, 64.0, 256.0, 1024.0, 3624.0, 1004.0, 253.0, 64.0, 16.0, 4.0]], [[4.0, 16.0, 64.0, 256.0, 1024.0, 3447.0, 999.0, 252.0, 64.0, 16.0, 4.0], [4.0, 16.0, 64.0, 256.0, 1024.0, 3666.0, 1006.0, 253.0, 64.0, 16.0, 4.0], [4.0, 16.0, 64.0, 256.0, 1024.0, 3616.0, 1004.0, 253.0, 64.0, 16.0, 4.0]]], "0.999985126478927": [[10000000.0, 100000000.0, 31622776.60168379], [3297, 3562, 3501], [3281, 3555, 3491], [[4.0, 16.0, 64.0, 256.0, 1024.0, 3297.0, 988.0, 250.0, 63.0, 16.0, 4.0], [4.0, 16.0, 64.0, 256.0, 1024.0, 3562.0, 998.0, 252.0, 64.0, 16.0, 4.0], [4.0, 16.0, 64.0, 256.0, 1024.0, 3501.0, 996.0, 251.0, 64.0, 16.0, 4.0]], [[4.0, 16.0, 64.0, 256.0, 1024.0, 3281.0, 987.0, 249.0, 63.0, 16.0, 4.0], [4.0, 16.0, 64.0, 256.0, 1024.0, 3555.0, 998.0, 252.0, 64.0, 16.0, 4.0], [4.0, 16.0, 64.0, 256.0, 1024.0, 3491.0, 996.0, 251.0, 64.0, 16.0, 4.0]]], "0.9999778778370892": [[10000000.0, 100000000.0, 31622776.60168379], [3100, 3424, 3346], [3080, 3414, 3334], [[4.0, 16.0, 64.0, 256.0, 1024.0, 3100.0, 972.0, 246.0, 63.0, 16.0, 4.0], [4.0, 16.0, 64.0, 256.0, 1024.0, 3424.0, 988.0, 250.0, 63.0, 16.0, 4.0], [4.0, 16.0, 64.0, 256.0, 1024.0, 3346.0, 984.0, 249.0, 63.0, 16.0, 4.0]], [[4.0, 16.0, 64.0, 256.0, 1024.0, 3080.0, 970.0, 246.0, 63.0, 16.0, 4.0], [4.0, 16.0, 64.0, 256.0, 1024.0, 3414.0, 987.0, 249.0, 63.0, 16.0, 4.0], [4.0, 16.0, 64.0, 256.0, 1024.0, 3334.0, 984.0, 249.0, 63.0, 16.0, 4.0]]], "0.9999670965543769": [[10000000.0, 100000000.0, 31622776.60168379], [2869, 3251, 3155], [2844, 3240, 3141], [[4.0, 16.0, 64.0, 256.0, 1023.0, 2869.0, 945.0, 241.0, 62.0, 16.0, 4.0], [4.0, 16.0, 64.0, 256.0, 1023.0, 3251.0, 973.0, 246.0, 63.0, 16.0, 4.0], [4.0, 16.0, 64.0, 256.0, 1023.0, 3155.0, 969.0, 245.0, 63.0, 16.0, 4.0]], [[4.0, 16.0, 64.0, 256.0, 1023.0, 2844.0, 941.0, 240.0, 62.0, 16.0, 4.0], [4.0, 16.0, 64.0, 256.0, 1023.0, 3240.0, 973.0, 246.0, 63.0, 16.0, 4.0], [4.0, 16.0, 64.0, 256.0, 1023.0, 3141.0, 967.0, 245.0, 63.0, 16.0, 4.0]]], "0.9999510609908152": [[10000000.0, 100000000.0, 31622776.60168379], [2607, 3040, 2925], [2578, 3026, 2907], [[4.0, 16.0, 64.0, 256.0, 1021.0, 2607.0, 899.0, 232.0, 60.0, 16.0, 4.0], [4.0, 16.0, 64.0, 256.0, 1022.0, 3040.0, 954.0, 242.0, 62.0, 16.0, 4.0], [4.0, 16.0, 64.0, 256.0, 1022.0, 2925.0, 945.0, 240.0, 61.0, 16.0, 4.0]], [[4.0, 16.0, 64.0, 256.0, 1021.0, 2578.0, 893.0, 231.0, 59.0, 16.0, 4.0], [4.0, 16.0, 64.0, 256.0, 1022.0, 3026.0, 952.0, 242.0, 62.0, 16.0, 4.0], [4.0, 16.0, 64.0, 256.0, 1022.0, 2907.0, 942.0, 240.0, 61.0, 16.0, 4.0]]], "0.9999272104615602": [[10000000.0, 100000000.0, 31622776.60168379], [2320, 2786, 2653], [2289, 2768, 2630], [[4.0, 16.0, 64.0, 256.0, 1017.0, 2320.0, 828.0, 218.0, 56.0, 15.0, 4.0], [4.0, 16.0, 64.0, 256.0, 1019.0, 2786.0, 922.0, 236.0, 60.0, 16.0, 4.0], [4.0, 16.0, 64.0, 256.0, 1019.0, 2653.0, 906.0, 233.0, 60.0, 16.0, 4.0]], [[4.0, 16.0, 64.0, 256.0, 1018.0, 2289.0, 818.0, 214.0, 56.0, 15.0, 4.0], [4.0, 16.0, 64.0, 256.0, 1020.0, 2768.0, 918.0, 235.0, 60.0, 16.0, 4.0], [4.0, 16.0, 64.0, 256.0, 1019.0, 2630.0, 900.0, 231.0, 59.0, 16.0, 4.0]]], "0.9998917363266125": [[10000000.0, 100000000.0, 31622776.60168379], [2016, 2488, 2345], [1986, 2467, 2317], [[4.0, 16.0, 64.0, 256.0, 1011.0, 2016.0, 732.0, 195.0, 51.0, 14.0, 4.0], [4.0, 16.0, 64.0, 256.0, 1014.0, 2488.0, 869.0, 225.0, 58.0, 16.0, 4.0], [4.0, 16.0, 64.0, 256.0, 1013.0, 2345.0, 839.0, 219.0, 57.0, 15.0, 4.0]], [[4.0, 16.0, 64.0, 256.0, 1011.0, 1986.0, 719.0, 192.0, 51.0, 14.0, 4.0], [4.0, 16.0, 64.0, 256.0, 1014.0, 2467.0, 864.0, 223.0, 58.0, 16.0, 4.0], [4.0, 16.0, 64.0, 256.0, 1013.0, 2317.0, 830.0, 216.0, 56.0, 15.0, 4.0]]], "0.999838973797244": [[10000000.0, 100000000.0, 31622776.60168379], [1701, 2154, 2010], [1676, 2130, 1984], [[4.0, 16.0, 64.0, 256.0, 999.0, 1701.0, 621.0, 167.0, 45.0, 13.0, 4.0], [4.0, 16.0, 64.0, 256.0, 1004.0, 2154.0, 785.0, 206.0, 54.0, 15.0, 4.0], [4.0, 16.0, 64.0, 256.0, 1003.0, 2010.0, 737.0, 195.0, 51.0, 14.0, 4.0]], [[4.0, 16.0, 64.0, 256.0, 999.0, 1676.0, 608.0, 165.0, 44.0, 13.0, 4.0], [4.0, 16.0, 64.0, 256.0, 1004.0, 2130.0, 776.0, 204.0, 53.0, 15.0, 4.0], [4.0, 16.0, 64.0, 256.0, 1003.0, 1984.0, 724.0, 191.0, 50.0, 14.0, 4.0]]], "0.9997604973380012": [[10000000.0, 100000000.0, 31622776.60168379], [1383, 1795, 1662], [1365, 1772, 1638], [[4.0, 16.0, 64.0, 256.0, 977.0, 1383.0, 506.0, 137.0, 38.0, 11.0, 4.0], [4.0, 16.0, 64.0, 256.0, 986.0, 1795.0, 663.0, 176.0, 47.0, 13.0, 4.0], [4.0, 16.0, 64.0, 256.0, 984.0, 1662.0, 611.0, 164.0, 44.0, 12.0, 4.0]], [[4.0, 16.0, 64.0, 256.0, 977.0, 1365.0, 499.0, 135.0, 37.0, 11.0, 4.0], [4.0, 16.0, 64.0, 256.0, 986.0, 1772.0, 655.0, 174.0, 46.0, 13.0, 4.0], [4.0, 16.0, 64.0, 256.0, 984.0, 1638.0, 601.0, 161.0, 43.0, 12.0, 4.0]]], "0.9996437752109738": [[10000000.0, 100000000.0, 31622776.60168379], [1079, 1428, 1311], [1070, 1406, 1290], [[4.0, 16.0, 64.0, 256.0, 941.0, 1079.0, 385.0, 106.0, 30.0, 10.0, 4.0], [4.0, 16.0, 64.0, 256.0, 955.0, 1428.0, 527.0, 142.0, 38.0, 11.0, 4.0], [4.0, 16.0, 64.0, 256.0, 951.0, 1311.0, 482.0, 130.0, 36.0, 11.0, 4.0]], [[4.0, 16.0, 64.0, 256.0, 941.0, 1070.0, 382.0, 106.0, 30.0, 10.0, 4.0], [4.0, 16.0, 64.0, 256.0, 955.0, 1406.0, 521.0, 140.0, 38.0, 11.0, 4.0], [4.0, 16.0, 64.0, 256.0, 951.0, 1290.0, 473.0, 128.0, 35.0, 11.0, 4.0]]], "0.9994701683093716": [[10000000.0, 100000000.0, 31622776.60168379], [885, 1068, 978], [886, 1049, 962], [[4.0, 16.0, 64.0, 256.0, 885.0, 817.0, 275.0, 77.0, 23.0, 8.0, 3.0], [4.0, 16.0, 64.0, 256.0, 905.0, 1068.0, 391.0, 107.0, 30.0, 9.0, 4.0], [4.0, 16.0, 64.0, 256.0, 899.0, 978.0, 349.0, 96.0, 27.0, 9.0, 3.0]], [[4.0, 16.0, 64.0, 256.0, 886.0, 810.0, 273.0, 77.0, 23.0, 8.0, 3.0], [4.0, 16.0, 64.0, 256.0, 905.0, 1049.0, 382.0, 104.0, 29.0, 9.0, 4.0], [4.0, 16.0, 64.0, 256.0, 900.0, 962.0, 341.0, 94.0, 27.0, 9.0, 3.0]]], "0.999211953718433": [[10000000.0, 100000000.0, 31622776.60168379], [807, 832, 825], [807, 831, 824], [[4.0, 16.0, 64.0, 255.0, 807.0, 606.0, 192.0, 55.0, 17.0, 7.0, 3.0], [4.0, 16.0, 64.0, 255.0, 832.0, 754.0, 256.0, 72.0, 21.0, 8.0, 3.0], [4.0, 16.0, 64.0, 255.0, 825.0, 700.0, 231.0, 65.0, 20.0, 7.0, 3.0]], [[4.0, 16.0, 64.0, 255.0, 807.0, 599.0, 191.0, 55.0, 17.0, 7.0, 3.0], [4.0, 16.0, 64.0, 255.0, 831.0, 741.0, 249.0, 70.0, 21.0, 8.0, 3.0], [4.0, 16.0, 64.0, 255.0, 824.0, 689.0, 226.0, 64.0, 19.0, 7.0, 3.0]]], "0.9988278977024665": [[10000000.0, 100000000.0, 31622776.60168379], [708, 735, 727], [707, 733, 726], [[4.0, 16.0, 64.0, 254.0, 708.0, 437.0, 134.0, 39.0, 13.0, 5.0, 3.0], [4.0, 16.0, 64.0, 254.0, 735.0, 517.0, 163.0, 47.0, 15.0, 6.0, 3.0], [4.0, 16.0, 64.0, 254.0, 727.0, 490.0, 153.0, 44.0, 14.0, 5.0, 3.0]], [[4.0, 16.0, 64.0, 254.0, 707.0, 432.0, 132.0, 39.0, 13.0, 5.0, 3.0], [4.0, 16.0, 64.0, 254.0, 733.0, 508.0, 159.0, 46.0, 15.0, 5.0, 3.0], [4.0, 16.0, 64.0, 254.0, 726.0, 482.0, 150.0, 43.0, 14.0, 5.0, 3.0]]], "0.9982566711778": [[10000000.0, 100000000.0, 31622776.60168379], [593, 618, 610], [591, 615, 608], [[4.0, 16.0, 64.0, 252.0, 593.0, 307.0, 92.0, 28.0, 10.0, 5.0, 3.0], [4.0, 16.0, 64.0, 252.0, 618.0, 348.0, 105.0, 31.0, 11.0, 5.0, 3.0], [4.0, 16.0, 64.0, 252.0, 610.0, 335.0, 101.0, 30.0, 10.0, 5.0, 3.0]], [[4.0, 16.0, 64.0, 251.0, 591.0, 304.0, 91.0, 27.0, 10.0, 5.0, 3.0], [4.0, 16.0, 64.0, 252.0, 615.0, 342.0, 103.0, 31.0, 10.0, 5.0, 3.0], [4.0, 16.0, 64.0, 252.0, 608.0, 330.0, 99.0, 30.0, 10.0, 5.0, 3.0]]],