{"0": 3.3079841136932373, "0.0125": 2.4729318618774414, "0.025": 2.2781894207000732, "0.037500000000000006": 2.275430679321289, "0.05": 2.5245862007141113, "0.0625": 2.327989101409912, "0.075": 2.471900224685669, "0.0875": 2.3884387016296387, "0.09999999999999999": 2.280113458633423, "0.11249999999999999": 2.1501400470733643, "0.12499999999999999": 2.2404348850250244, "0.13749999999999998": 2.3088643550872803, "0.15": 2.4775257110595703, "0.1625": 2.312026023864746, "0.17500000000000002": 2.2532780170440674, "0.18750000000000003": 2.0051867961883545, "0.20000000000000004": 2.257993221282959, "0.21250000000000005": 1.9868597984313965, "0.22500000000000006": 2.8033528327941895, "0.23750000000000007": 2.4269776344299316, "0.25000000000000006": 2.2124459743499756, "0.26250000000000007": 1.9261794090270996, "0.2750000000000001": 2.293781042098999, "0.2875000000000001": 2.1936519145965576, "0.3000000000000001": 2.143747329711914, "0.3125000000000001": 2.4972708225250244, "0.3250000000000001": 2.3395731449127197, "0.33750000000000013": 2.1489551067352295, "0.35000000000000014": 1.6273982524871826, "0.36250000000000016": 2.2560994625091553, "0.37500000000000017": 2.259945869445801, "0.3875000000000002": 2.069225311279297, "0.4000000000000002": 2.1427597999572754, "0.4125000000000002": 2.372346878051758, "0.4250000000000002": 2.2740373611450195, "0.4375000000000002": 1.818368673324585, "0.45000000000000023": 2.0340826511383057, "0.46250000000000024": 2.2695298194885254, "0.47500000000000026": 2.373676300048828, "0.48750000000000027": 2.2376272678375244, "0.5000000000000002": 1.9225986003875732, "0.5125000000000002": 2.2297139167785645, "0.5250000000000001": 1.7834527492523193, "0.5375000000000001": 2.3745925426483154, "0.55": 2.1629257202148438, "0.5625": 2.199227809906006, "0.575": 2.26106595993042, "0.5874999999999999": 3.238849401473999, "0.5999999999999999": 1.9427909851074219, "0.6124999999999998": 2.1947131156921387, "0.6249999999999998": 2.915227174758911, "0.6374999999999997": 2.2715396881103516, "0.6499999999999997": 1.769446849822998, "0.6624999999999996": 2.4358484745025635, "0.6749999999999996": 2.36961030960083, "0.6874999999999996": 2.300924777984619, "0.6999999999999995": 2.0624473094940186, "0.7124999999999995": 1.991455316543579, "0.7249999999999994": 2.2349424362182617, "0.7374999999999994": 2.3240513801574707, "0.7499999999999993": 2.328942060470581, "0.7624999999999993": 2.4621031284332275, "0.7749999999999992": 2.3097732067108154, "0.7874999999999992": 1.819171667098999, "0.7999999999999992": 2.1731269359588623, "0.8124999999999991": 2.072093963623047, "0.8249999999999991": 2.39803147315979, "0.837499999999999": 2.201042652130127, "0.849999999999999": 2.3667283058166504, "0.8624999999999989": 2.2149641513824463, "0.8749999999999989": 2.1357595920562744, "0.8874999999999988": 1.9605824947357178, "0.8999999999999988": 2.623886823654175, "0.9124999999999988": 2.3907206058502197, "0.9249999999999987": 2.34450364112854, "0.9374999999999987": 2.3186898231506348, "0.9499999999999986": 2.1494617462158203, "0.9624999999999986": 2.3792495727539062, "0.9749999999999985": 1.9955272674560547, "0.9874999999999985": 2.2612643241882324, "0.9999999999999984": 2.329761505126953, "1.0124999999999984": 2.342994451522827, "1.0249999999999984": 2.3000965118408203, "1.0374999999999983": 2.332780599594116, "1.0499999999999983": 2.2357308864593506, "1.0624999999999982": 2.3045737743377686, "1.0749999999999982": 2.2977240085601807, "1.0874999999999981": 2.4623982906341553, "1.099999999999998": 2.316880702972412, "1.112499999999998": 2.3908073902130127, "1.124999999999998": 2.2595126628875732, "1.137499999999998": 2.163978099822998, "1.149999999999998": 2.0214171409606934, "1.1624999999999979": 2.121108055114746, "1.1749999999999978": 1.8371665477752686, "1.1874999999999978": 2.107226610183716, "1.1999999999999977": 2.2914974689483643, "1.2124999999999977": 2.052333116531372, "1.2249999999999976": 2.119926929473877, "1.2374999999999976": 2.3925888538360596}