{"0": 39.000659704208374, "0.0001953125": 27.749306201934814, "0.000390625": 25.60027813911438, "0.0005859375000000001": 25.790821313858032, "0.00078125": 25.090133666992188, "0.0009765625": 25.012065887451172, "0.001171875": 24.908729553222656, "0.0013671875": 25.698013067245483, "0.0015624999999999999": 25.22874140739441, "0.0017578124999999998": 24.607694149017334, "0.0019531249999999998": 24.406856536865234, "0.0021484374999999997": 24.210045337677002, "0.00234375": 23.90339756011963, "0.0025390625": 23.52638077735901, "0.0027343750000000003": 24.199645519256592, "0.0029296875000000004": 23.878294706344604, "0.0031250000000000006": 23.722049951553345, "0.0033203125000000008": 23.479602813720703, "0.003515625000000001": 23.86271023750305, "0.003710937500000001": 23.49799680709839, "0.003906250000000001": 24.51959466934204, "0.004101562500000001": 23.973215579986572, "0.004296875000000001": 23.821611404418945, "0.004492187500000001": 23.72803783416748, "0.0046875000000000016": 25.63077425956726, "0.004882812500000002": 24.484472513198853, "0.005078125000000002": 24.11737632751465, "0.005273437500000002": 24.576986074447632, "0.005468750000000002": 24.24686026573181, "0.005664062500000002": 24.412594079971313, "0.005859375000000003": 24.143054485321045, "0.006054687500000003": 25.215234756469727, "0.006250000000000003": 23.86436414718628, "0.006445312500000003": 24.930440187454224, "0.006640625000000003": 24.840659618377686, "0.0068359375000000035": 23.788939476013184, "0.007031250000000004": 24.28482985496521, "0.007226562500000004": 24.64063596725464, "0.007421875000000004": 23.90767502784729, "0.007617187500000004": 24.010053873062134, "0.007812500000000003": 24.157039642333984, "0.008007812500000003": 23.74037456512451, "0.008203125000000002": 24.46010947227478, "0.008398437500000001": 24.07871961593628, "0.00859375": 23.66798973083496, "0.0087890625": 23.671599864959717, "0.008984375": 24.09933066368103, "0.009179687499999999": 22.886101007461548, "0.009374999999999998": 22.89497685432434, "0.009570312499999997": 24.10329532623291, "0.009765624999999997": 23.56094241142273, "0.009960937499999996": 23.643173694610596, "0.010156249999999995": 24.447770357131958, "0.010351562499999994": 24.26872229576111, "0.010546874999999994": 24.421675443649292, "0.010742187499999993": 24.529096841812134, "0.010937499999999992": 24.483821630477905, "0.011132812499999992": 25.04960536956787, "0.011328124999999991": 24.56495428085327, "0.01152343749999999": 24.325576305389404, "0.01171874999999999": 23.221215963363647, "0.011914062499999989": 23.947526693344116, "0.012109374999999988": 24.430919647216797, "0.012304687499999988": 25.081035137176514, "0.012499999999999987": 24.764612913131714, "0.012695312499999986": 24.836692094802856, "0.012890624999999985": 23.99445605278015, "0.013085937499999985": 23.977062702178955, "0.013281249999999984": 23.64580750465393, "0.013476562499999983": 23.581377744674683, "0.013671874999999983": 23.957972049713135, "0.013867187499999982": 23.057806253433228, "0.014062499999999981": 24.07407259941101, "0.01425781249999998": 24.196962118148804, "0.01445312499999998": 24.353797912597656, "0.01464843749999998": 23.469589948654175, "0.014843749999999978": 23.95938467979431, "0.015039062499999978": 23.58781862258911, "0.015234374999999977": 24.76949405670166, "0.015429687499999976": 23.448482275009155, "0.015624999999999976": 24.36084222793579, "0.015820312499999975": 24.38102436065674, "0.016015624999999974": 23.644066333770752, "0.016210937499999974": 23.43988800048828, "0.016406249999999973": 23.68975019454956, "0.016601562499999972": 24.193183422088623, "0.01679687499999997": 23.640398740768433, "0.01699218749999997": 23.600808143615723, "0.01718749999999997": 23.93928575515747, "0.01738281249999997": 23.875526428222656, "0.01757812499999997": 25.700281381607056, "0.017773437499999968": 24.39397692680359, "0.017968749999999967": 25.133479356765747, "0.018164062499999967": 23.95458221435547, "0.018359374999999966": 24.490250825881958, "0.018554687499999965": 23.86774492263794, "0.018749999999999965": 24.196627140045166, "0.018945312499999964": 24.508280515670776, "0.019140624999999963": 24.306766271591187, "0.019335937499999963": 23.59460210800171}