{"0": 43.08984303474426, "4.8828125e-05": 33.20113158226013, "9.765625e-05": 31.951582193374634, "0.00014648437500000002": 32.48941516876221, "0.0001953125": 31.866437911987305, "0.000244140625": 32.803584575653076, "0.00029296875": 32.31804704666138, "0.000341796875": 31.20445990562439, "0.00039062499999999997": 30.969203233718872, "0.00043945312499999996": 32.75292491912842, "0.00048828124999999995": 31.3174991607666, "0.0005371093749999999": 29.340171813964844, "0.0005859375": 31.45544958114624, "0.000634765625": 31.34102511405945, "0.0006835937500000001": 30.26511526107788, "0.0007324218750000001": 30.787495374679565, "0.0007812500000000002": 31.650608777999878, "0.0008300781250000002": 30.23894214630127, "0.0008789062500000002": 30.098042011260986, "0.0009277343750000003": 31.03968048095703, "0.0009765625000000002": 31.025683164596558, "0.0010253906250000003": 31.08138155937195, "0.0010742187500000003": 30.925646781921387, "0.0011230468750000003": 32.305524587631226, "0.0011718750000000004": 32.27878999710083, "0.0012207031250000004": 31.31527805328369, "0.0012695312500000005": 31.734744787216187, "0.0013183593750000005": 31.27389168739319, "0.0013671875000000006": 30.76105809211731, "0.0014160156250000006": 31.915268898010254, "0.0014648437500000007": 31.75688362121582, "0.0015136718750000007": 31.329269409179688, "0.0015625000000000007": 31.69048571586609, "0.0016113281250000008": 30.926573991775513, "0.0016601562500000008": 33.20100927352905, "0.0017089843750000009": 34.07049083709717, "0.001757812500000001": 34.25997447967529, "0.001806640625000001": 34.415772438049316, "0.001855468750000001": 34.363632678985596, "0.001904296875000001": 33.40906000137329, "0.001953125000000001": 33.82469081878662, "0.0020019531250000007": 31.182358503341675, "0.0020507812500000005": 32.020129919052124, "0.0020996093750000003": 33.19539260864258, "0.0021484375": 32.16262483596802, "0.002197265625": 32.420796155929565, "0.00224609375": 32.861324310302734, "0.0022949218749999997": 32.47815680503845, "0.0023437499999999995": 32.745871782302856, "0.0023925781249999993": 31.563028573989868, "0.002441406249999999": 33.496984243392944, "0.002490234374999999": 34.076770305633545, "0.002539062499999999": 32.305949449539185, "0.0025878906249999986": 32.691598892211914, "0.0026367187499999984": 33.09697508811951, "0.0026855468749999983": 32.99927830696106, "0.002734374999999998": 32.59937596321106, "0.002783203124999998": 30.846612215042114, "0.0028320312499999977": 32.369996786117554, "0.0028808593749999976": 31.158748626708984, "0.0029296874999999974": 31.733509063720703, "0.0029785156249999972": 31.21668577194214, "0.003027343749999997": 31.519184350967407, "0.003076171874999997": 32.64177060127258, "0.0031249999999999967": 33.81847548484802, "0.0031738281249999965": 32.56438851356506, "0.0032226562499999964": 32.89691090583801, "0.003271484374999996": 32.861396074295044, "0.003320312499999996": 31.879725694656372, "0.003369140624999996": 34.50352716445923, "0.0034179687499999957": 33.557074785232544, "0.0034667968749999955": 33.02328276634216, "0.0035156249999999953": 32.57195973396301, "0.003564453124999995": 32.65100574493408, "0.003613281249999995": 31.84141492843628, "0.003662109374999995": 32.67046070098877, "0.0037109374999999946": 32.504406452178955, "0.0037597656249999944": 31.84309720993042, "0.0038085937499999943": 33.24598693847656, "0.003857421874999994": 32.502925395965576, "0.003906249999999994": 34.18121600151062, "0.003955078124999994": 34.37073493003845, "0.004003906249999994": 31.710582494735718, "0.004052734374999993": 33.48156404495239, "0.004101562499999993": 32.50696587562561, "0.004150390624999993": 32.743597984313965, "0.004199218749999993": 32.44260501861572, "0.004248046874999993": 32.451274394989014, "0.0042968749999999925": 32.49931740760803, "0.004345703124999992": 32.13415002822876, "0.004394531249999992": 32.20653486251831, "0.004443359374999992": 31.861583471298218, "0.004492187499999992": 32.432941198349, "0.004541015624999992": 32.34894394874573, "0.0045898437499999915": 32.73718309402466, "0.004638671874999991": 31.46813154220581, "0.004687499999999991": 31.49694275856018, "0.004736328124999991": 32.930617570877075, "0.004785156249999991": 31.627054929733276, "0.004833984374999991": 32.35433745384216}