{"0": 8.213161706924438, "0.003125": 6.2842864990234375, "0.00625": 6.537011623382568, "0.009375000000000001": 6.096274375915527, "0.0125": 6.727166414260864, "0.015625": 6.0271687507629395, "0.01875": 5.964579343795776, "0.021875": 6.737291097640991, "0.024999999999999998": 6.0596230030059814, "0.028124999999999997": 6.395167112350464, "0.031249999999999997": 5.927145481109619, "0.034374999999999996": 6.163584470748901, "0.0375": 6.6444573402404785, "0.040625": 6.118685483932495, "0.043750000000000004": 6.735065460205078, "0.04687500000000001": 5.904747724533081, "0.05000000000000001": 6.760880470275879, "0.05312500000000001": 5.79135274887085, "0.056250000000000015": 6.81960129737854, "0.05937500000000002": 6.010176658630371, "0.06250000000000001": 6.007115364074707, "0.06562500000000002": 6.312649488449097, "0.06875000000000002": 6.699485540390015, "0.07187500000000002": 6.686291694641113, "0.07500000000000002": 5.828357458114624, "0.07812500000000003": 6.106030464172363, "0.08125000000000003": 6.792813301086426, "0.08437500000000003": 6.051312446594238, "0.08750000000000004": 6.6928935050964355, "0.09062500000000004": 6.02171778678894, "0.09375000000000004": 6.60221266746521, "0.09687500000000004": 7.024410724639893, "0.10000000000000005": 6.421088218688965, "0.10312500000000005": 6.437561511993408, "0.10625000000000005": 6.251530885696411, "0.10937500000000006": 6.803090572357178, "0.11250000000000006": 7.008211374282837, "0.11562500000000006": 6.649243354797363, "0.11875000000000006": 7.0551300048828125, "0.12187500000000007": 6.317998886108398, "0.12500000000000006": 7.022002696990967, "0.12812500000000004": 7.126885890960693, "0.13125000000000003": 6.797722816467285, "0.13437500000000002": 5.991313934326172, "0.1375": 6.864582777023315, "0.140625": 7.108352184295654, "0.14375": 6.611837387084961, "0.14687499999999998": 6.343247175216675, "0.14999999999999997": 6.382607460021973, "0.15312499999999996": 6.482357025146484, "0.15624999999999994": 6.706973075866699, "0.15937499999999993": 6.6045143604278564, "0.16249999999999992": 5.989183664321899, "0.1656249999999999": 5.958542823791504, "0.1687499999999999": 6.7889673709869385, "0.1718749999999999": 6.945105075836182, "0.17499999999999988": 6.141509771347046, "0.17812499999999987": 6.01043176651001, "0.18124999999999986": 7.1315460205078125, "0.18437499999999984": 7.623181104660034, "0.18749999999999983": 6.334054946899414, "0.19062499999999982": 6.628458261489868, "0.1937499999999998": 6.182079792022705, "0.1968749999999998": 6.487274646759033, "0.1999999999999998": 7.0524115562438965, "0.20312499999999978": 5.932079315185547, "0.20624999999999977": 6.558286905288696, "0.20937499999999976": 5.877855062484741, "0.21249999999999974": 6.769749641418457, "0.21562499999999973": 6.974587440490723, "0.21874999999999972": 6.132334470748901, "0.2218749999999997": 6.2687859535217285, "0.2249999999999997": 6.112551212310791, "0.2281249999999997": 5.9808669090271, "0.23124999999999968": 6.966927766799927, "0.23437499999999967": 5.9107513427734375, "0.23749999999999966": 6.457655191421509, "0.24062499999999964": 6.1850831508636475, "0.24374999999999963": 7.053803205490112, "0.24687499999999962": 6.301886320114136, "0.2499999999999996": 6.24435830116272, "0.2531249999999996": 5.91320276260376, "0.2562499999999996": 6.3565356731414795, "0.2593749999999996": 6.6542534828186035, "0.26249999999999957": 6.591172218322754, "0.26562499999999956": 6.02173376083374, "0.26874999999999954": 6.052814722061157, "0.27187499999999953": 6.5920023918151855, "0.2749999999999995": 7.283782482147217, "0.2781249999999995": 7.092695713043213, "0.2812499999999995": 6.660196304321289, "0.2843749999999995": 6.3476951122283936, "0.2874999999999995": 6.685247421264648, "0.29062499999999947": 6.106285810470581, "0.29374999999999946": 6.534963846206665, "0.29687499999999944": 6.457391738891602, "0.29999999999999943": 6.85272479057312, "0.3031249999999994": 6.330876350402832, "0.3062499999999994": 6.468788146972656, "0.3093749999999994": 5.841706037521362}