{"0": 0.3653442859649658, "0.00078125": 0.21922945976257324, "0.0015625": 0.02514815330505371, "0.0023437500000000003": 0.024747848510742188, "0.003125": 0.024710416793823242, "0.00390625": 0.024718523025512695, "0.0046875": 0.024753093719482422, "0.00546875": 0.02469182014465332, "0.0062499999999999995": 0.02510857582092285, "0.007031249999999999": 0.025142431259155273, "0.007812499999999999": 0.02460455894470215, "0.008593749999999999": 0.0247194766998291, "0.009375": 0.02464604377746582, "0.01015625": 0.024677276611328125, "0.010937500000000001": 0.02505636215209961, "0.011718750000000002": 0.024747133255004883, "0.012500000000000002": 0.024754047393798828, "0.013281250000000003": 0.024876117706298828, "0.014062500000000004": 0.02497696876525879, "0.014843750000000005": 0.024890661239624023, "0.015625000000000003": 0.024885177612304688, "0.016406250000000004": 0.024659156799316406, "0.017187500000000005": 0.02458810806274414, "0.017968750000000006": 0.02540731430053711, "0.018750000000000006": 0.030212879180908203, "0.019531250000000007": 0.030806303024291992, "0.020312500000000008": 0.03096151351928711, "0.02109375000000001": 0.027427196502685547, "0.02187500000000001": 0.02468419075012207, "0.02265625000000001": 0.024852991104125977, "0.02343750000000001": 0.024666547775268555, "0.02421875000000001": 0.024607181549072266, "0.025000000000000012": 0.02464771270751953, "0.025781250000000012": 0.024913311004638672, "0.026562500000000013": 0.024736881256103516, "0.027343750000000014": 0.024715185165405273, "0.028125000000000015": 0.024838685989379883, "0.028906250000000015": 0.025268077850341797, "0.029687500000000016": 0.024968385696411133, "0.030468750000000017": 0.024842023849487305, "0.031250000000000014": 0.0245664119720459, "0.03203125000000001": 0.02469325065612793, "0.03281250000000001": 0.024920940399169922, "0.033593750000000006": 0.024870872497558594, "0.034375": 0.024688005447387695, "0.03515625": 0.024839162826538086, "0.0359375": 0.02477264404296875, "0.036718749999999994": 0.025035381317138672, "0.03749999999999999": 0.025021076202392578, "0.03828124999999999": 0.024847745895385742, "0.039062499999999986": 0.024937152862548828, "0.03984374999999998": 0.024843692779541016, "0.04062499999999998": 0.024769067764282227, "0.04140624999999998": 0.02480912208557129, "0.042187499999999975": 0.024756669998168945, "0.04296874999999997": 0.025133609771728516, "0.04374999999999997": 0.02487945556640625, "0.04453124999999997": 0.02518010139465332, "0.045312499999999964": 0.024782419204711914, "0.04609374999999996": 0.025917768478393555, "0.04687499999999996": 0.024898052215576172, "0.047656249999999956": 0.02491140365600586, "0.04843749999999995": 0.024796009063720703, "0.04921874999999995": 0.02494192123413086, "0.04999999999999995": 0.024822235107421875, "0.050781249999999944": 0.02467060089111328, "0.05156249999999994": 0.02495098114013672, "0.05234374999999994": 0.024984121322631836, "0.053124999999999936": 0.024771690368652344, "0.05390624999999993": 0.02508831024169922, "0.05468749999999993": 0.0249786376953125, "0.05546874999999993": 0.024965286254882812, "0.056249999999999925": 0.024841785430908203, "0.05703124999999992": 0.024859905242919922, "0.05781249999999992": 0.024888038635253906, "0.05859374999999992": 0.024997234344482422, "0.059374999999999914": 0.025078296661376953, "0.06015624999999991": 0.02500319480895996, "0.06093749999999991": 0.024884462356567383, "0.061718749999999906": 0.024952411651611328, "0.0624999999999999": 0.02501058578491211, "0.0632812499999999": 0.024869918823242188, "0.0640624999999999": 0.024857044219970703, "0.0648437499999999": 0.02518939971923828, "0.06562499999999989": 0.025213956832885742, "0.06640624999999989": 0.02490854263305664, "0.06718749999999989": 0.024789094924926758, "0.06796874999999988": 0.0249636173248291, "0.06874999999999988": 0.025460004806518555, "0.06953124999999988": 0.02483201026916504, "0.07031249999999988": 0.02488565444946289, "0.07109374999999987": 0.02483201026916504, "0.07187499999999987": 0.025037527084350586, "0.07265624999999987": 0.024877071380615234, "0.07343749999999986": 0.024859905242919922, "0.07421874999999986": 0.025052547454833984, "0.07499999999999986": 0.02510833740234375, "0.07578124999999986": 0.025028467178344727, "0.07656249999999985": 0.024825334548950195, "0.07734374999999985": 0.025049686431884766}