{"0": 0.12774276733398438, "9.765625e-05": 0.05025458335876465, "0.0001953125": 0.04585599899291992, "0.00029296875000000004": 0.02514505386352539, "0.000390625": 0.0420684814453125, "0.00048828125": 0.0469052791595459, "0.0005859375": 0.04691338539123535, "0.00068359375": 0.04692411422729492, "0.0007812499999999999": 0.04690194129943848, "0.0008789062499999999": 0.04690909385681152, "0.0009765624999999999": 0.046883344650268555, "0.0010742187499999999": 0.04693889617919922, "0.001171875": 0.04688715934753418, "0.00126953125": 0.04688858985900879, "0.0013671875000000001": 0.04691958427429199, "0.0014648437500000002": 0.04691052436828613, "0.0015625000000000003": 0.04691910743713379, "0.0016601562500000004": 0.046904802322387695, "0.0017578125000000005": 0.04688596725463867, "0.0018554687500000006": 0.046868324279785156, "0.0019531250000000004": 0.046857595443725586, "0.0020507812500000005": 0.04683971405029297, "0.0021484375000000006": 0.04690742492675781, "0.0022460937500000007": 0.04690361022949219, "0.0023437500000000008": 0.04685521125793457, "0.002441406250000001": 0.04689621925354004, "0.002539062500000001": 0.0469050407409668, "0.002636718750000001": 0.046848297119140625, "0.002734375000000001": 0.06605815887451172, "0.002832031250000001": 0.027606964111328125, "0.0029296875000000013": 0.046889305114746094, "0.0030273437500000014": 0.04684853553771973, "0.0031250000000000015": 0.04686713218688965, "0.0032226562500000016": 0.04691815376281738, "0.0033203125000000016": 0.04691743850708008, "0.0034179687500000017": 0.046857357025146484, "0.003515625000000002": 0.046834707260131836, "0.003613281250000002": 0.04689455032348633, "0.003710937500000002": 0.046910762786865234, "0.003808593750000002": 0.04686450958251953, "0.003906250000000002": 0.04684638977050781, "0.004003906250000001": 0.04682803153991699, "0.004101562500000001": 0.0468592643737793, "0.004199218750000001": 0.0468592643737793, "0.004296875": 0.046874284744262695, "0.00439453125": 0.04684185981750488, "0.0044921875": 0.04681563377380371, "0.004589843749999999": 0.04682779312133789, "0.004687499999999999": 0.04685068130493164, "0.004785156249999999": 0.04681873321533203, "0.004882812499999998": 0.04684853553771973, "0.004980468749999998": 0.046782732009887695, "0.005078124999999998": 0.04680681228637695, "0.005175781249999997": 0.04683661460876465, "0.005273437499999997": 0.04680657386779785, "0.0053710937499999965": 0.04681253433227539, "0.005468749999999996": 0.04685664176940918, "0.005566406249999996": 0.038871049880981445, "0.0056640624999999955": 0.04364609718322754, "0.005761718749999995": 0.04680609703063965, "0.005859374999999995": 0.04687643051147461, "0.0059570312499999944": 0.046890974044799805, "0.006054687499999994": 0.04685211181640625, "0.006152343749999994": 0.04680776596069336, "0.006249999999999993": 0.04685211181640625, "0.006347656249999993": 0.04685068130493164, "0.006445312499999993": 0.04685568809509277, "0.006542968749999992": 0.04675912857055664, "0.006640624999999992": 0.04681754112243652, "0.006738281249999992": 0.04685807228088379, "0.006835937499999991": 0.04678702354431152, "0.006933593749999991": 0.0468297004699707, "0.007031249999999991": 0.046842098236083984, "0.00712890624999999": 0.04680466651916504, "0.00722656249999999": 0.046848297119140625, "0.00732421874999999": 0.04680991172790527, "0.007421874999999989": 0.046788930892944336, "0.007519531249999989": 0.04679131507873535, "0.0076171874999999886": 0.046846866607666016, "0.007714843749999988": 0.04679131507873535, "0.007812499999999988": 0.04679417610168457, "0.007910156249999988": 0.046837568283081055, "0.008007812499999987": 0.04681086540222168, "0.008105468749999987": 0.04680228233337402, "0.008203124999999986": 0.0468287467956543, "0.008300781249999986": 0.04684305191040039, "0.008398437499999986": 0.04678201675415039, "0.008496093749999985": 0.046823740005493164, "0.008593749999999985": 0.04673004150390625, "0.008691406249999985": 0.04675602912902832, "0.008789062499999984": 0.04678702354431152, "0.008886718749999984": 0.04680657386779785, "0.008984374999999984": 0.04674673080444336, "0.009082031249999983": 0.046788930892944336, "0.009179687499999983": 0.04678750038146973, "0.009277343749999983": 0.04683065414428711, "0.009374999999999982": 0.04680609703063965, "0.009472656249999982": 0.0467686653137207, "0.009570312499999982": 0.046753883361816406, "0.009667968749999981": 0.0467982292175293}