{"0": 0.027449846267700195, "0.003125": 0.024873971939086914, "0.00625": 0.02470111846923828, "0.009375000000000001": 0.0245969295501709, "0.0125": 0.024736404418945312, "0.015625": 0.0249021053314209, "0.01875": 0.024793624877929688, "0.021875": 0.02467966079711914, "0.024999999999999998": 0.024972200393676758, "0.028124999999999997": 0.024866104125976562, "0.031249999999999997": 0.02484297752380371, "0.034374999999999996": 0.02479410171508789, "0.0375": 0.02481555938720703, "0.040625": 0.02470111846923828, "0.043750000000000004": 0.024780988693237305, "0.04687500000000001": 0.02475571632385254, "0.05000000000000001": 0.02562093734741211, "0.05312500000000001": 0.024863719940185547, "0.056250000000000015": 0.02477121353149414, "0.05937500000000002": 0.024749755859375, "0.06250000000000001": 0.024824142456054688, "0.06562500000000002": 0.024812936782836914, "0.06875000000000002": 0.024878263473510742, "0.07187500000000002": 0.024761438369750977, "0.07500000000000002": 0.024750947952270508, "0.07812500000000003": 0.024788618087768555, "0.08125000000000003": 0.024713754653930664, "0.08437500000000003": 0.024787425994873047, "0.08750000000000004": 0.02473902702331543, "0.09062500000000004": 0.024860620498657227, "0.09375000000000004": 0.02479696273803711, "0.09687500000000004": 0.02501058578491211, "0.10000000000000005": 0.02494049072265625, "0.10312500000000005": 0.02494335174560547, "0.10625000000000005": 0.02490234375, "0.10937500000000006": 0.0248262882232666, "0.11250000000000006": 0.024814128875732422, "0.11562500000000006": 0.02487039566040039, "0.11875000000000006": 0.024872779846191406, "0.12187500000000007": 0.02485203742980957, "0.12500000000000006": 0.024798154830932617, "0.12812500000000004": 0.024911165237426758, "0.13125000000000003": 0.02487659454345703, "0.13437500000000002": 0.024832963943481445, "0.1375": 0.02478170394897461, "0.140625": 0.024655580520629883, "0.14375": 0.025114059448242188, "0.14687499999999998": 0.02771735191345215, "0.14999999999999997": 0.031237363815307617, "0.15312499999999996": 0.030764102935791016, "0.15624999999999994": 0.028818845748901367, "0.15937499999999993": 0.025699377059936523, "0.16249999999999992": 0.024817228317260742, "0.1656249999999999": 0.02468585968017578, "0.1687499999999999": 0.025089502334594727, "0.1718749999999999": 0.024806499481201172, "0.17499999999999988": 0.025037765502929688, "0.17812499999999987": 0.02489924430847168, "0.18124999999999986": 0.02489495277404785, "0.18437499999999984": 0.02482771873474121, "0.18749999999999983": 0.02501821517944336, "0.19062499999999982": 0.024932146072387695, "0.1937499999999998": 0.024873971939086914, "0.1968749999999998": 0.024817466735839844, "0.1999999999999998": 0.024805068969726562, "0.20312499999999978": 0.02489328384399414, "0.20624999999999977": 0.024782657623291016, "0.20937499999999976": 0.024894237518310547, "0.21249999999999974": 0.024816274642944336, "0.21562499999999973": 0.024826765060424805, "0.21874999999999972": 0.025156736373901367, "0.2218749999999997": 0.02485799789428711, "0.2249999999999997": 0.02480912208557129, "0.2281249999999997": 0.024799585342407227, "0.23124999999999968": 0.024885177612304688, "0.23437499999999967": 0.024886369705200195, "0.23749999999999966": 0.0248415470123291, "0.24062499999999964": 0.025082826614379883, "0.24374999999999963": 0.024803876876831055, "0.24687499999999962": 0.024849653244018555, "0.2499999999999996": 0.02489948272705078, "0.2531249999999996": 0.024939775466918945, "0.2562499999999996": 0.025009632110595703, "0.2593749999999996": 0.02492833137512207, "0.26249999999999957": 0.02491450309753418, "0.26562499999999956": 0.02484416961669922, "0.26874999999999954": 0.02492213249206543, "0.27187499999999953": 0.024976015090942383, "0.2749999999999995": 0.024904966354370117, "0.2781249999999995": 0.024959802627563477, "0.2812499999999995": 0.024904966354370117, "0.2843749999999995": 0.0248563289642334, "0.2874999999999995": 0.024842500686645508, "0.29062499999999947": 0.024944782257080078, "0.29374999999999946": 0.024904727935791016, "0.29687499999999944": 0.024941205978393555, "0.29999999999999943": 0.024774551391601562, "0.3031249999999994": 0.02554154396057129, "0.3062499999999994": 0.025003910064697266, "0.3093749999999994": 0.02490377426147461}