{"0": 0.03605365753173828, "0.00625": 0.026174306869506836, "0.0125": 0.024895429611206055, "0.018750000000000003": 0.02474355697631836, "0.025": 0.024767637252807617, "0.03125": 0.024779319763183594, "0.0375": 0.024730682373046875, "0.04375": 0.024768352508544922, "0.049999999999999996": 0.024756669998168945, "0.056249999999999994": 0.024818897247314453, "0.06249999999999999": 0.024992942810058594, "0.06874999999999999": 0.024744749069213867, "0.075": 0.024615764617919922, "0.08125": 0.02467799186706543, "0.08750000000000001": 0.024591445922851562, "0.09375000000000001": 0.024715662002563477, "0.10000000000000002": 0.02459239959716797, "0.10625000000000002": 0.024651288986206055, "0.11250000000000003": 0.02497100830078125, "0.11875000000000004": 0.024861574172973633, "0.12500000000000003": 0.024839401245117188, "0.13125000000000003": 0.02493762969970703, "0.13750000000000004": 0.024932384490966797, "0.14375000000000004": 0.024855613708496094, "0.15000000000000005": 0.024766921997070312, "0.15625000000000006": 0.024850845336914062, "0.16250000000000006": 0.024767160415649414, "0.16875000000000007": 0.02486109733581543, "0.17500000000000007": 0.024833202362060547, "0.18125000000000008": 0.024796485900878906, "0.18750000000000008": 0.024887561798095703, "0.1937500000000001": 0.024813413619995117, "0.2000000000000001": 0.02476048469543457, "0.2062500000000001": 0.02471446990966797, "0.2125000000000001": 0.02475452423095703, "0.2187500000000001": 0.024796247482299805, "0.22500000000000012": 0.024659156799316406, "0.23125000000000012": 0.024730205535888672, "0.23750000000000013": 0.02472209930419922, "0.24375000000000013": 0.0248260498046875, "0.2500000000000001": 0.024703502655029297, "0.2562500000000001": 0.02504563331604004, "0.26250000000000007": 0.02489948272705078, "0.26875000000000004": 0.024935007095336914, "0.275": 0.02495431900024414, "0.28125": 0.02493143081665039, "0.2875": 0.025014877319335938, "0.29374999999999996": 0.024948835372924805, "0.29999999999999993": 0.024860382080078125, "0.3062499999999999": 0.02479267120361328, "0.3124999999999999": 0.024864673614501953, "0.31874999999999987": 0.0247800350189209, "0.32499999999999984": 0.02467799186706543, "0.3312499999999998": 0.02474236488342285, "0.3374999999999998": 0.024647951126098633, "0.3437499999999998": 0.024860382080078125, "0.34999999999999976": 0.024707317352294922, "0.35624999999999973": 0.024762630462646484, "0.3624999999999997": 0.02469015121459961, "0.3687499999999997": 0.024734020233154297, "0.37499999999999967": 0.02469158172607422, "0.38124999999999964": 0.024728775024414062, "0.3874999999999996": 0.024673938751220703, "0.3937499999999996": 0.024811983108520508, "0.3999999999999996": 0.025899648666381836, "0.40624999999999956": 0.026085376739501953, "0.41249999999999953": 0.024993896484375, "0.4187499999999995": 0.02496027946472168, "0.4249999999999995": 0.02499103546142578, "0.43124999999999947": 0.024954557418823242, "0.43749999999999944": 0.02496623992919922, "0.4437499999999994": 0.024947404861450195, "0.4499999999999994": 0.024965524673461914, "0.4562499999999994": 0.02497243881225586, "0.46249999999999936": 0.024898052215576172, "0.46874999999999933": 0.024946212768554688, "0.4749999999999993": 0.024972200393676758, "0.4812499999999993": 0.02477264404296875, "0.48749999999999927": 0.024864673614501953, "0.49374999999999925": 0.02497553825378418, "0.4999999999999992": 0.024885892868041992, "0.5062499999999992": 0.024803638458251953, "0.5124999999999992": 0.02489614486694336, "0.5187499999999992": 0.024860858917236328, "0.5249999999999991": 0.02496337890625, "0.5312499999999991": 0.02484893798828125, "0.5374999999999991": 0.024834394454956055, "0.5437499999999991": 0.02499532699584961, "0.549999999999999": 0.024796009063720703, "0.556249999999999": 0.024950027465820312, "0.562499999999999": 0.02492523193359375, "0.568749999999999": 0.0252838134765625, "0.574999999999999": 0.024855375289916992, "0.5812499999999989": 0.02501821517944336, "0.5874999999999989": 0.0249021053314209, "0.5937499999999989": 0.02487325668334961, "0.5999999999999989": 0.024811744689941406, "0.6062499999999988": 0.024715900421142578, "0.6124999999999988": 0.02474689483642578, "0.6187499999999988": 0.02474236488342285}