{"0": 0.32044291496276855, "2.44140625e-05": 0.6512877941131592, "4.8828125e-05": 0.6578183174133301, "7.324218750000001e-05": 0.6522426605224609, "9.765625e-05": 0.6544811725616455, "0.0001220703125": 0.6550710201263428, "0.000146484375": 0.6549890041351318, "0.0001708984375": 0.6550240516662598, "0.00019531249999999998": 0.6551082134246826, "0.00021972656249999998": 0.6550321578979492, "0.00024414062499999997": 0.6550753116607666, "0.00026855468749999997": 0.655132532119751, "0.00029296875": 0.6550841331481934, "0.0003173828125": 0.655099630355835, "0.00034179687500000003": 0.6550817489624023, "0.00036621093750000005": 0.6550614833831787, "0.0003906250000000001": 0.6550137996673584, "0.0004150390625000001": 0.6551144123077393, "0.0004394531250000001": 0.6551597118377686, "0.00046386718750000014": 0.655010461807251, "0.0004882812500000001": 0.654996395111084, "0.0005126953125000001": 0.6550784111022949, "0.0005371093750000002": 0.6549892425537109, "0.0005615234375000002": 0.6550941467285156, "0.0005859375000000002": 0.6550586223602295, "0.0006103515625000002": 0.6552128791809082, "0.0006347656250000002": 0.65505051612854, "0.0006591796875000003": 0.655022144317627, "0.0006835937500000003": 0.6548964977264404, "0.0007080078125000003": 0.6550638675689697, "0.0007324218750000003": 0.6550798416137695, "0.0007568359375000003": 0.6549656391143799, "0.0007812500000000004": 0.6550431251525879, "0.0008056640625000004": 0.6551077365875244, "0.0008300781250000004": 0.6549732685089111, "0.0008544921875000004": 0.6551268100738525, "0.0008789062500000005": 0.6550440788269043, "0.0009033203125000005": 0.6550154685974121, "0.0009277343750000005": 0.6550400257110596, "0.0009521484375000005": 0.655034065246582, "0.0009765625000000004": 0.6549599170684814, "0.0010009765625000003": 0.6550238132476807, "0.0010253906250000003": 0.6549954414367676, "0.0010498046875000002": 0.6549558639526367, "0.00107421875": 0.6550064086914062, "0.0010986328125": 0.6550331115722656, "0.001123046875": 0.6549899578094482, "0.0011474609374999998": 0.6550629138946533, "0.0011718749999999997": 0.6550273895263672, "0.0011962890624999997": 0.6550943851470947, "0.0012207031249999996": 0.6550171375274658, "0.0012451171874999995": 0.6550149917602539, "0.0012695312499999994": 0.6549818515777588, "0.0012939453124999993": 0.654987096786499, "0.0013183593749999992": 0.6550519466400146, "0.0013427734374999991": 0.6551072597503662, "0.001367187499999999": 0.654935359954834, "0.001391601562499999": 0.6551294326782227, "0.0014160156249999989": 0.6704998016357422, "0.0014404296874999988": 0.6393656730651855, "0.0014648437499999987": 0.6549286842346191, "0.0014892578124999986": 0.655043363571167, "0.0015136718749999985": 0.654862642288208, "0.0015380859374999984": 0.6549382209777832, "0.0015624999999999984": 0.6548748016357422, "0.0015869140624999983": 0.6549749374389648, "0.0016113281249999982": 0.6549689769744873, "0.001635742187499998": 0.6549077033996582, "0.001660156249999998": 0.6549346446990967, "0.001684570312499998": 0.6549224853515625, "0.0017089843749999978": 0.6548738479614258, "0.0017333984374999977": 0.6549630165100098, "0.0017578124999999977": 0.6549417972564697, "0.0017822265624999976": 0.6549112796783447, "0.0018066406249999975": 0.6548912525177002, "0.0018310546874999974": 0.654869556427002, "0.0018554687499999973": 0.6548821926116943, "0.0018798828124999972": 0.6548435688018799, "0.0019042968749999971": 0.655064582824707, "0.001928710937499997": 0.6548480987548828, "0.001953124999999997": 0.6549382209777832, "0.001977539062499997": 0.654839038848877, "0.002001953124999997": 0.6548309326171875, "0.0020263671874999967": 0.65480637550354, "0.0020507812499999966": 0.6549265384674072, "0.0020751953124999965": 0.6123812198638916, "0.0020996093749999964": 0.6548774242401123, "0.0021240234374999964": 0.6549124717712402, "0.0021484374999999963": 0.6549334526062012, "0.002172851562499996": 0.6549363136291504, "0.002197265624999996": 0.6547987461090088, "0.002221679687499996": 0.6549146175384521, "0.002246093749999996": 0.6549320220947266, "0.002270507812499996": 0.6548686027526855, "0.0022949218749999957": 0.6548540592193604, "0.0023193359374999957": 0.654874324798584, "0.0023437499999999956": 0.6548004150390625, "0.0023681640624999955": 0.6548981666564941, "0.0023925781249999954": 0.6548779010772705, "0.0024169921874999953": 0.6548049449920654}