{"0": 0.22029638290405273, "0.000390625": 0.036242008209228516, "0.00078125": 0.02546834945678711, "0.0011718750000000002": 0.025168180465698242, "0.0015625": 0.02533245086669922, "0.001953125": 0.03905534744262695, "0.00234375": 0.025477170944213867, "0.002734375": 0.025208473205566406, "0.0031249999999999997": 0.02634716033935547, "0.0035156249999999997": 0.02546405792236328, "0.0039062499999999996": 0.025331497192382812, "0.0042968749999999995": 0.02544260025024414, "0.0046875": 0.02533864974975586, "0.005078125": 0.025417804718017578, "0.0054687500000000005": 0.025223731994628906, "0.005859375000000001": 0.025409460067749023, "0.006250000000000001": 0.025168895721435547, "0.0066406250000000016": 0.025193214416503906, "0.007031250000000002": 0.025144338607788086, "0.007421875000000002": 0.025135517120361328, "0.007812500000000002": 0.025446176528930664, "0.008203125000000002": 0.025223970413208008, "0.008593750000000002": 0.02533888816833496, "0.008984375000000003": 0.02519989013671875, "0.009375000000000003": 0.025478124618530273, "0.009765625000000003": 0.025196313858032227, "0.010156250000000004": 0.025187253952026367, "0.010546875000000004": 0.02527451515197754, "0.010937500000000005": 0.02564549446105957, "0.011328125000000005": 0.025304794311523438, "0.011718750000000005": 0.02549290657043457, "0.012109375000000006": 0.025554656982421875, "0.012500000000000006": 0.02548050880432129, "0.012890625000000006": 0.025423049926757812, "0.013281250000000007": 0.025593280792236328, "0.013671875000000007": 0.02527165412902832, "0.014062500000000007": 0.025444746017456055, "0.014453125000000008": 0.025475740432739258, "0.014843750000000008": 0.02552652359008789, "0.015234375000000008": 0.025389909744262695, "0.015625000000000007": 0.025394916534423828, "0.016015625000000006": 0.025156736373901367, "0.016406250000000004": 0.025514602661132812, "0.016796875000000003": 0.025278806686401367, "0.0171875": 0.02527642250061035, "0.017578125": 0.02522587776184082, "0.01796875": 0.02543783187866211, "0.018359374999999997": 0.025101184844970703, "0.018749999999999996": 0.025242090225219727, "0.019140624999999994": 0.025295734405517578, "0.019531249999999993": 0.025380611419677734, "0.01992187499999999": 0.025447368621826172, "0.02031249999999999": 0.025571346282958984, "0.02070312499999999": 0.025620698928833008, "0.021093749999999988": 0.02552008628845215, "0.021484374999999986": 0.02554798126220703, "0.021874999999999985": 0.025421857833862305, "0.022265624999999983": 0.025476932525634766, "0.022656249999999982": 0.02547001838684082, "0.02304687499999998": 0.02539801597595215, "0.02343749999999998": 0.025378704071044922, "0.023828124999999978": 0.025369882583618164, "0.024218749999999976": 0.025494098663330078, "0.024609374999999975": 0.02521967887878418, "0.024999999999999974": 0.02545928955078125, "0.025390624999999972": 0.0252535343170166, "0.02578124999999997": 0.025475025177001953, "0.02617187499999997": 0.02535080909729004, "0.026562499999999968": 0.025419235229492188, "0.026953124999999967": 0.025129318237304688, "0.027343749999999965": 0.025415420532226562, "0.027734374999999964": 0.025350093841552734, "0.028124999999999963": 0.025532245635986328, "0.02851562499999996": 0.025299787521362305, "0.02890624999999996": 0.025668859481811523, "0.02929687499999996": 0.025664091110229492, "0.029687499999999957": 0.02559947967529297, "0.030078124999999956": 0.03637194633483887, "0.030468749999999954": 0.025492429733276367, "0.030859374999999953": 0.02539539337158203, "0.03124999999999995": 0.025242328643798828, "0.03164062499999995": 0.025548696517944336, "0.03203124999999995": 0.02677440643310547, "0.03242187499999995": 0.025325536727905273, "0.032812499999999946": 0.025413036346435547, "0.033203124999999944": 0.025413036346435547, "0.03359374999999994": 0.025431394577026367, "0.03398437499999994": 0.02548527717590332, "0.03437499999999994": 0.0254061222076416, "0.03476562499999994": 0.02539348602294922, "0.03515624999999994": 0.02530837059020996, "0.035546874999999936": 0.02526235580444336, "0.035937499999999935": 0.02530217170715332, "0.03632812499999993": 0.025454044342041016, "0.03671874999999993": 0.02550530433654785, "0.03710937499999993": 0.025486469268798828, "0.03749999999999993": 0.02546525001525879, "0.03789062499999993": 0.0255582332611084, "0.038281249999999926": 0.02539658546447754, "0.038671874999999925": 0.025427818298339844}