{"0": 0.05614471435546875, "0.0001953125": 0.03954362869262695, "0.000390625": 0.029191970825195312, "0.0005859375000000001": 0.028468847274780273, "0.00078125": 0.04668092727661133, "0.0009765625": 0.02551412582397461, "0.001171875": 0.025510549545288086, "0.0013671875": 0.02532815933227539, "0.0015624999999999999": 0.0256192684173584, "0.0017578124999999998": 0.025522947311401367, "0.0019531249999999998": 0.025360822677612305, "0.0021484374999999997": 0.02553272247314453, "0.00234375": 0.22420644760131836, "0.0025390625": 0.025391101837158203, "0.0027343750000000003": 0.02525925636291504, "0.0029296875000000004": 0.02517986297607422, "0.0031250000000000006": 0.025296926498413086, "0.0033203125000000008": 0.02563929557800293, "0.003515625000000001": 0.025323152542114258, "0.003710937500000001": 0.025646209716796875, "0.003906250000000001": 0.025284767150878906, "0.004101562500000001": 0.025505542755126953, "0.004296875000000001": 0.025448083877563477, "0.004492187500000001": 0.025516271591186523, "0.0046875000000000016": 0.02550983428955078, "0.004882812500000002": 0.02557969093322754, "0.005078125000000002": 0.025310039520263672, "0.005273437500000002": 0.025629281997680664, "0.005468750000000002": 0.02560567855834961, "0.005664062500000002": 0.025530576705932617, "0.005859375000000003": 0.0254518985748291, "0.006054687500000003": 0.025715112686157227, "0.006250000000000003": 0.025592565536499023, "0.006445312500000003": 0.02558135986328125, "0.006640625000000003": 0.02545475959777832, "0.0068359375000000035": 0.025471925735473633, "0.007031250000000004": 0.02550530433654785, "0.007226562500000004": 0.025483131408691406, "0.007421875000000004": 0.025305747985839844, "0.007617187500000004": 0.0255281925201416, "0.007812500000000003": 0.025528669357299805, "0.008007812500000003": 0.025417327880859375, "0.008203125000000002": 0.025754690170288086, "0.008398437500000001": 0.025596141815185547, "0.00859375": 0.025310754776000977, "0.0087890625": 0.025543212890625, "0.008984375": 0.025446653366088867, "0.009179687499999999": 0.02558279037475586, "0.009374999999999998": 0.025385141372680664, "0.009570312499999997": 0.025719404220581055, "0.009765624999999997": 0.02549457550048828, "0.009960937499999996": 0.025452852249145508, "0.010156249999999995": 0.025456666946411133, "0.010351562499999994": 0.025501251220703125, "0.010546874999999994": 0.02543926239013672, "0.010742187499999993": 0.025417089462280273, "0.010937499999999992": 0.02541351318359375, "0.011132812499999992": 0.025412321090698242, "0.011328124999999991": 0.02532196044921875, "0.01152343749999999": 0.02519679069519043, "0.01171874999999999": 0.02532172203063965, "0.011914062499999989": 0.02533888816833496, "0.012109374999999988": 0.025482892990112305, "0.012304687499999988": 0.02582859992980957, "0.012499999999999987": 0.0253751277923584, "0.012695312499999986": 0.025850534439086914, "0.012890624999999985": 0.025456666946411133, "0.013085937499999985": 0.025691986083984375, "0.013281249999999984": 0.025463104248046875, "0.013476562499999983": 0.02537083625793457, "0.013671874999999983": 0.025443315505981445, "0.013867187499999982": 0.02552509307861328, "0.014062499999999981": 0.025299787521362305, "0.01425781249999998": 0.02533268928527832, "0.01445312499999998": 0.025282621383666992, "0.01464843749999998": 0.02548360824584961, "0.014843749999999978": 0.025287389755249023, "0.015039062499999978": 0.025316476821899414, "0.015234374999999977": 0.025260210037231445, "0.015429687499999976": 0.025421142578125, "0.015624999999999976": 0.025200843811035156, "0.015820312499999975": 0.025243520736694336, "0.016015624999999974": 0.02517080307006836, "0.016210937499999974": 0.02513909339904785, "0.016406249999999973": 0.025307655334472656, "0.016601562499999972": 0.025314807891845703, "0.01679687499999997": 0.02508687973022461, "0.01699218749999997": 0.02527618408203125, "0.01718749999999997": 0.025647401809692383, "0.01738281249999997": 0.02555060386657715, "0.01757812499999997": 0.025386333465576172, "0.017773437499999968": 0.02561330795288086, "0.017968749999999967": 0.025490999221801758, "0.018164062499999967": 0.025422096252441406, "0.018359374999999966": 0.02556753158569336, "0.018554687499999965": 0.025606155395507812, "0.018749999999999965": 0.025324583053588867, "0.018945312499999964": 0.025581836700439453, "0.019140624999999963": 0.025600194931030273, "0.019335937499999963": 0.02541971206665039}