{"0": 0.24814796447753906, "4.8828125e-05": 0.16527009010314941, "9.765625e-05": 0.14848637580871582, "0.00014648437500000002": 0.16845989227294922, "0.0001953125": 0.16849541664123535, "0.000244140625": 0.16851186752319336, "0.00029296875": 0.16851043701171875, "0.000341796875": 0.168487548828125, "0.00039062499999999997": 0.1685328483581543, "0.00043945312499999996": 0.16849255561828613, "0.00048828124999999995": 0.16849184036254883, "0.0005371093749999999": 0.16843199729919434, "0.0005859375": 0.16834712028503418, "0.000634765625": 0.16846227645874023, "0.0006835937500000001": 0.1685340404510498, "0.0007324218750000001": 0.16847753524780273, "0.0007812500000000002": 0.16847443580627441, "0.0008300781250000002": 0.16846346855163574, "0.0008789062500000002": 0.16843414306640625, "0.0009277343750000003": 0.1684401035308838, "0.0009765625000000002": 0.1684715747833252, "0.0010253906250000003": 0.16848087310791016, "0.0010742187500000003": 0.16843318939208984, "0.0011230468750000003": 0.1684889793395996, "0.0011718750000000004": 0.16850900650024414, "0.0012207031250000004": 0.16843342781066895, "0.0012695312500000005": 0.16843032836914062, "0.0013183593750000005": 0.16848492622375488, "0.0013671875000000006": 0.3976154327392578, "0.0014160156250000006": 0.07143473625183105, "0.0014648437500000007": 0.16844820976257324, "0.0015136718750000007": 0.16844916343688965, "0.0015625000000000007": 0.16842055320739746, "0.0016113281250000008": 0.16845178604125977, "0.0016601562500000008": 0.16843104362487793, "0.0017089843750000009": 0.16844415664672852, "0.001757812500000001": 0.16843557357788086, "0.001806640625000001": 0.16846823692321777, "0.001855468750000001": 0.16852283477783203, "0.001904296875000001": 0.1684260368347168, "0.001953125000000001": 0.16846704483032227, "0.0020019531250000007": 0.16846847534179688, "0.0020507812500000005": 0.16842365264892578, "0.0020996093750000003": 0.16845107078552246, "0.0021484375": 0.16842031478881836, "0.002197265625": 0.1684713363647461, "0.00224609375": 0.16846680641174316, "0.0022949218749999997": 0.1684126853942871, "0.0023437499999999995": 0.16846513748168945, "0.0023925781249999993": 0.16839218139648438, "0.002441406249999999": 0.16846466064453125, "0.002490234374999999": 0.1684260368347168, "0.002539062499999999": 0.16840863227844238, "0.0025878906249999986": 0.16846776008605957, "0.0026367187499999984": 0.1684427261352539, "0.0026855468749999983": 0.16841959953308105, "0.002734374999999998": 0.16841602325439453, "0.002783203124999998": 0.16838693618774414, "0.0028320312499999977": 0.16844415664672852, "0.0028808593749999976": 0.16846227645874023, "0.0029296874999999974": 0.16839194297790527, "0.0029785156249999972": 0.16844820976257324, "0.003027343749999997": 0.16836333274841309, "0.003076171874999997": 0.16846060752868652, "0.0031249999999999967": 0.16841936111450195, "0.0031738281249999965": 0.16840767860412598, "0.0032226562499999964": 0.16838955879211426, "0.003271484374999996": 0.16840004920959473, "0.003320312499999996": 0.16835880279541016, "0.003369140624999996": 0.16831445693969727, "0.0034179687499999957": 0.16837286949157715, "0.0034667968749999955": 0.16837096214294434, "0.0035156249999999953": 0.16843008995056152, "0.003564453124999995": 0.16843724250793457, "0.003613281249999995": 0.1684098243713379, "0.003662109374999995": 0.16837286949157715, "0.0037109374999999946": 0.1683955192565918, "0.0037597656249999944": 0.1684248447418213, "0.0038085937499999943": 0.16837239265441895, "0.003857421874999994": 0.16837787628173828, "0.003906249999999994": 0.1683948040008545, "0.003955078124999994": 0.16835761070251465, "0.004003906249999994": 0.16840720176696777, "0.004052734374999993": 0.16841650009155273, "0.004101562499999993": 0.16838598251342773, "0.004150390624999993": 0.16834473609924316, "0.004199218749999993": 0.16835904121398926, "0.004248046874999993": 0.16834640502929688, "0.0042968749999999925": 0.16825008392333984, "0.004345703124999992": 0.16840910911560059, "0.004394531249999992": 0.16840529441833496, "0.004443359374999992": 0.16841626167297363, "0.004492187499999992": 0.16837215423583984, "0.004541015624999992": 0.16835665702819824, "0.0045898437499999915": 0.1683807373046875, "0.004638671874999991": 0.16835904121398926, "0.004687499999999991": 0.16834163665771484, "0.004736328124999991": 0.16834640502929688, "0.004785156249999991": 0.16829919815063477, "0.004833984374999991": 0.16833734512329102}