{"0": 0.02574777603149414, "0.0015625": 0.02508401870727539, "0.003125": 0.024938106536865234, "0.004687500000000001": 0.02488875389099121, "0.00625": 0.024860143661499023, "0.0078125": 0.024984121322631836, "0.009375": 0.02482914924621582, "0.0109375": 0.0248568058013916, "0.012499999999999999": 0.02493000030517578, "0.014062499999999999": 0.024811983108520508, "0.015624999999999998": 0.024838924407958984, "0.017187499999999998": 0.024742841720581055, "0.01875": 0.02466869354248047, "0.0203125": 0.024623632431030273, "0.021875000000000002": 0.024718761444091797, "0.023437500000000003": 0.02466440200805664, "0.025000000000000005": 0.024613142013549805, "0.026562500000000006": 0.024718046188354492, "0.028125000000000008": 0.0246429443359375, "0.02968750000000001": 0.024680614471435547, "0.03125000000000001": 0.02463054656982422, "0.03281250000000001": 0.024599552154541016, "0.03437500000000001": 0.024671316146850586, "0.03593750000000001": 0.0251157283782959, "0.03750000000000001": 0.024796724319458008, "0.039062500000000014": 0.02484869956970215, "0.040625000000000015": 0.024880647659301758, "0.04218750000000002": 0.02492809295654297, "0.04375000000000002": 0.02490973472595215, "0.04531250000000002": 0.02484917640686035, "0.04687500000000002": 0.024861812591552734, "0.04843750000000002": 0.02471637725830078, "0.050000000000000024": 0.024704694747924805, "0.051562500000000025": 0.02475714683532715, "0.053125000000000026": 0.02463674545288086, "0.05468750000000003": 0.024720191955566406, "0.05625000000000003": 0.024714946746826172, "0.05781250000000003": 0.02463388442993164, "0.05937500000000003": 0.02466869354248047, "0.06093750000000003": 0.024687767028808594, "0.06250000000000003": 0.024675846099853516, "0.06406250000000002": 0.024710655212402344, "0.06562500000000002": 0.024643898010253906, "0.06718750000000001": 0.024698257446289062, "0.06875": 0.02471756935119629, "0.0703125": 0.024707794189453125, "0.071875": 0.0249788761138916, "0.07343749999999999": 0.024981975555419922, "0.07499999999999998": 0.024939298629760742, "0.07656249999999998": 0.025312185287475586, "0.07812499999999997": 0.025033950805664062, "0.07968749999999997": 0.025095462799072266, "0.08124999999999996": 0.025014877319335938, "0.08281249999999996": 0.024964094161987305, "0.08437499999999995": 0.024910688400268555, "0.08593749999999994": 0.0250399112701416, "0.08749999999999994": 0.024940967559814453, "0.08906249999999993": 0.024852275848388672, "0.09062499999999993": 0.024811744689941406, "0.09218749999999992": 0.024908065795898438, "0.09374999999999992": 0.024764537811279297, "0.09531249999999991": 0.02484273910522461, "0.0968749999999999": 0.02477550506591797, "0.0984374999999999": 0.02481555938720703, "0.0999999999999999": 0.024631977081298828, "0.10156249999999989": 0.024827957153320312, "0.10312499999999988": 0.02472543716430664, "0.10468749999999988": 0.0248415470123291, "0.10624999999999987": 0.024808406829833984, "0.10781249999999987": 0.025189638137817383, "0.10937499999999986": 0.024954795837402344, "0.11093749999999986": 0.02503514289855957, "0.11249999999999985": 0.024906635284423828, "0.11406249999999984": 0.02496051788330078, "0.11562499999999984": 0.02485203742980957, "0.11718749999999983": 0.024892568588256836, "0.11874999999999983": 0.024856090545654297, "0.12031249999999982": 0.024853944778442383, "0.12187499999999982": 0.024762630462646484, "0.12343749999999981": 0.02474379539489746, "0.1249999999999998": 0.024750947952270508, "0.1265624999999998": 0.02472853660583496, "0.1281249999999998": 0.024796724319458008, "0.1296874999999998": 0.024739503860473633, "0.13124999999999978": 0.024770498275756836, "0.13281249999999978": 0.024638891220092773, "0.13437499999999977": 0.02484893798828125, "0.13593749999999977": 0.024699926376342773, "0.13749999999999976": 0.02477431297302246, "0.13906249999999976": 0.024660825729370117, "0.14062499999999975": 0.024771690368652344, "0.14218749999999974": 0.02468419075012207, "0.14374999999999974": 0.025150775909423828, "0.14531249999999973": 0.024972915649414062, "0.14687499999999973": 0.025041818618774414, "0.14843749999999972": 0.024930715560913086, "0.14999999999999972": 0.02496647834777832, "0.1515624999999997": 0.024927616119384766, "0.1531249999999997": 0.024943113327026367, "0.1546874999999997": 0.0248565673828125}